Name,City,State,Visitors,Rating,Opening Hours,Historical,Natural,Amusement,Beach,Description
Tirumala Venkateswara Temple,Tirupati,Andhra Pradesh,30000000,4.8,24 hours,5,4,2,0,A prominent Hindu temple dedicated to Lord Venkateswara.
Araku Valley,Araku Valley,Andhra Pradesh,2000000,4.5,6:00 AM - 6:00 PM,2,5,3,0,A scenic hill station known for its coffee plantations.
Borra Caves,Ananthagiri,Andhra Pradesh,1000000,4.4,6:00 AM - 6:00 PM,3,5,3,0,Limestone caves known for their stalactites and stalagmites.
Ramakrishna Beach,Visakhapatnam,Andhra Pradesh,2000000,4.3,24 hours,2,3,4,5,A popular beach in Visakhapatnam.
Srisailam,Srisailam,Andhra Pradesh,1500000,4.5,5:00 AM - 10:00 PM,5,4,2,0,A famous pilgrimage site with ancient temples.
Kanaka Durga Temple,Vijayawada,Andhra Pradesh,1000000,4.5,4:00 AM - 9:00 PM,5,3,2,0,A revered Hindu temple located in Vijayawada.
Undavalli Caves,Vijayawada,Andhra Pradesh,500000,4.4,9:00 AM - 5:00 PM,5,4,2,0,Ancient rock-cut caves near Vijayawada.
Lepakshi,Lepakshi,Andhra Pradesh,300000,4.5,6:00 AM - 8:00 PM,5,3,2,0,A village known for its rich history and architecture.
Ahobilam Temple,Nallamala,Andhra Pradesh,200000,4.6,6:00 AM - 9:00 PM,5,4,2,0,A temple complex located in the Nallamala Hills.
Kailasagiri,Visakhapatnam,Andhra Pradesh,1000000,4.3,9:00 AM - 8:00 PM,2,4,4,0,A hilltop park with panoramic views of Visakhapatnam.
Gandikota,Gandikota,Andhra Pradesh,400000,4.5,6:00 AM - 6:00 PM,4,5,3,0,A historic fort overlooking the Penna River.
Thotlakonda Buddhist Complex,Visakhapatnam,Andhra Pradesh,300000,4.4,9:00 AM - 5:00 PM,5,4,2,0,An ancient Buddhist site near Visakhapatnam.
Kolleru Lake,Eluru,Andhra Pradesh,150000,4.2,6:00 AM - 6:00 PM,2,5,2,0,A large freshwater lake and bird sanctuary.
Manginapudi Beach,Machilipatnam,Andhra Pradesh,200000,4.1,24 hours,2,3,3,5,A scenic beach located near Machilipatnam.
Sri Venkateswara National Park,Tirupati,Andhra Pradesh,500000,4.3,6:00 AM - 6:00 PM,2,5,3,0,A national park known for its biodiversity.
Pavurallakonda,Bheemunipatnam,Andhra Pradesh,100000,4.2,9:00 AM - 5:00 PM,4,4,2,0,An ancient Buddhist site near Bheemunipatnam.
Yaganti Temple,Kurnool,Andhra Pradesh,200000,4.4,6:00 AM - 9:00 PM,5,4,2,0,A temple dedicated to Lord Shiva.
Maredumilli,Maredumilli,Andhra Pradesh,150000,4.5,6:00 AM - 6:00 PM,2,5,3,0,A forest area known for its waterfalls and natural beauty.
Rajahmundry Godavari Bridge,Rajahmundry,Andhra Pradesh,500000,4.4,24 hours,3,4,3,0,A bridge over the Godavari River.
Draksharamam Temple,Draksharama,Andhra Pradesh,300000,4.5,5:00 AM - 8:00 PM,5,3,2,0,A historic temple dedicated to Lord Shiva.
Suryalanka Beach,Bapatla,Andhra Pradesh,250000,4.3,24 hours,2,3,3,5,A beach known for its scenic beauty.
Sankaram,Anakapalle,Andhra Pradesh,100000,4.2,9:00 AM - 5:00 PM,4,3,2,0,An ancient Buddhist site in Anakapalle.
Simhachalam Temple,Visakhapatnam,Andhra Pradesh,1000000,4.5,6:00 AM - 9:00 PM,5,3,2,0,A famous temple dedicated to Lord Narasimha.
VUDA Park,Visakhapatnam,Andhra Pradesh,700000,4.2,9:00 AM - 8:00 PM,2,3,4,0,A park in Visakhapatnam with various attractions.
Dwaraka Tirumala,West Godavari,Andhra Pradesh,500000,4.4,6:00 AM - 8:00 PM,5,3,2,0,A famous Hindu temple dedicated to Lord Venkateswara.
Sriharikota,Sriharikota,Andhra Pradesh,200000,4.3,9:00 AM - 5:00 PM,3,3,3,0,A spaceport operated by the Indian Space Research Organisation.
Bavikonda,Visakhapatnam,Andhra Pradesh,100000,4.2,9:00 AM - 5:00 PM,4,3,2,0,An ancient Buddhist site near Visakhapatnam.
Belum Caves,Kurnool,Andhra Pradesh,250000,4.5,9:00 AM - 5:00 PM,3,5,3,0,A cave system known for its stalactites and stalagmites.
Annavaram Temple,East Godavari,Andhra Pradesh,1000000,4.5,6:00 AM - 9:00 PM,5,3,2,0,A temple dedicated to Lord Satyanarayana.
Nagarjunakonda,Nagarjunakonda,Andhra Pradesh,150000,4.3,9:00 AM - 5:00 PM,5,4,2,0,An archaeological site known for its Buddhist ruins.

Mysore Palace,Mysore,Karnataka,3000000,4.7,10:00 AM - 5:30 PM,5,2,2,0,"A historical palace located in Mysore, known for its grandeur and architecture."
Bangalore Palace,Bangalore,Karnataka,2000000,4.4,10:00 AM - 5:30 PM,5,2,3,0,"A royal palace in Bangalore, known for its Tudor-style architecture."
Hampi,Hampi,Karnataka,1500000,4.7,6:00 AM - 6:00 PM,5,3,1,0,"A UNESCO World Heritage site, known for its ancient temples and ruins."
Coorg,Coorg,Karnataka,1200000,4.6,24 hours,1,5,3,0,A popular hill station known for its coffee plantations and scenic beauty.
Lalbagh Botanical Garden,Bangalore,Karnataka,1000000,4.5,6:00 AM - 7:00 PM,3,4,3,0,"A botanical garden in Bangalore, known for its collection of tropical plants."
Bannerghatta National Park,Bangalore,Karnataka,900000,4.3,9:00 AM - 5:00 PM,2,5,4,0,"A national park in Bangalore, known for its safari and zoo."
Chikmagalur,Chikmagalur,Karnataka,800000,4.6,24 hours,3,5,3,0,A hill station known for its coffee estates and pleasant climate.
Badami Caves,Badami,Karnataka,700000,4.5,9:00 AM - 5:30 PM,5,2,1,0,Ancient rock-cut caves known for their intricate carvings and sculptures.
Nandi Hills,Nandi,Karnataka,600000,4.4,6:00 AM - 10:00 PM,2,5,3,0,"A popular hill station near Bangalore, known for its sunrise views."
Jog Falls,Shimoga,Karnataka,500000,4.5,6:00 AM - 6:00 PM,3,5,3,0,"One of the highest waterfalls in India, located in the Western Ghats."
Gokarna,Gokarna,Karnataka,400000,4.6,24 hours,2,5,3,5,A coastal town known for its beaches and pilgrimage sites.
Shravanabelagola,Hassan,Karnataka,350000,4.5,6:00 AM - 6:00 PM,5,2,1,0,"A Jain pilgrimage site, known for its massive statue of Lord Bahubali."
Gol Gumbaz,Bijapur,Karnataka,300000,4.4,10:00 AM - 5:00 PM,5,2,1,0,"A mausoleum in Bijapur, known for its impressive dome."
Murudeshwar,Murudeshwar,Karnataka,250000,4.5,6:00 AM - 8:00 PM,3,5,3,5,A town known for its temple dedicated to Lord Shiva and its beach.
Kabini Wildlife Sanctuary,Kabini,Karnataka,200000,4.6,6:00 AM - 6:00 PM,2,5,2,0,A wildlife sanctuary known for its population of elephants and tigers.
Bhadra Wildlife Sanctuary,Bhadra,Karnataka,150000,4.4,6:00 AM - 6:00 PM,2,5,2,0,A wildlife sanctuary known for its diverse flora and fauna.
Dandeli,Dandeli,Karnataka,100000,4.5,6:00 AM - 6:00 PM,2,5,4,0,A town known for its adventure sports and wildlife sanctuary.
Kudremukh,Kudremukh,Karnataka,90000,4.6,6:00 AM - 6:00 PM,3,5,3,0,A mountain range known for its scenic beauty and trekking routes.
Kemmangundi,Kemmangundi,Karnataka,80000,4.4,6:00 AM - 6:00 PM,2,5,2,0,A hill station known for its coffee plantations and pleasant weather.
Agumbe,Agumbe,Karnataka,75000,4.3,24 hours,2,5,2,0,A village known for its rainforest and biodiversity.
Chitradurga Fort,Chitradurga,Karnataka,70000,4.5,6:00 AM - 6:00 PM,5,2,1,0,A fort known for its historical significance and architecture.
Anshi National Park,Karwar,Karnataka,65000,4.4,6:00 AM - 6:00 PM,2,5,2,0,A national park known for its diverse wildlife and natural beauty.
Ramanagara,Ramanagara,Karnataka,60000,4.3,6:00 AM - 6:00 PM,1,4,2,0,A town known for its rock climbing and scenic beauty.
Savandurga,Savandurga,Karnataka,55000,4.4,6:00 AM - 6:00 PM,2,4,2,0,A hill known for its monolithic rock and trekking trails.
Horanadu,Horanadu,Karnataka,50000,4.6,6:00 AM - 10:00 PM,3,5,2,0,A town known for its temple dedicated to Goddess Annapoorneshwari.
Udupi Sri Krishna Matha,Udupi,Karnataka,45000,4.5,5:00 AM - 9:30 PM,5,3,2,0,A temple town known for its temple dedicated to Lord Krishna.
Kukke Subramanya Temple,Kukke Subramanya,Karnataka,40000,4.5,6:00 AM - 6:00 PM,5,3,2,0,A temple town known for its temple dedicated to Lord Subramanya.
Somnathpur Temple,Somnathpur,Karnataka,35000,4.4,6:00 AM - 6:00 PM,5,3,1,0,A town known for its ancient temple dedicated to Lord Keshava.
Bandipur National Park,Chamarajanagar,Karnataka,30000,4.3,6:00 AM - 6:00 PM,2,5,2,0,A national park known for its tiger reserve and wildlife.
Gavi Gangadhareshwara Temple,Bangalore,Karnataka,25000,4.4,6:00 AM - 6:00 PM,5,2,1,0,"A cave temple in Bangalore, known for its rock-cut architecture."

Munnar,Munnar,Kerala,2000000,4.6,24 hours,2,5,2,0,A popular hill station known for its tea gardens and scenic beauty.
Alleppey Backwaters,Alleppey,Kerala,1800000,4.5,24 hours,3,5,3,0,"A network of serene canals and lagoons, known for houseboat cruises."
Kumarakom,Kumarakom,Kerala,1500000,4.5,24 hours,3,5,2,0,A village known for its backwater tourism and bird sanctuary.
Thekkady,Thekkady,Kerala,1200000,4.5,6:00 AM - 6:00 PM,2,4,3,0,A town known for its wildlife sanctuary and spice plantations.
Wayanad,Wayanad,Kerala,1000000,4.5,24 hours,3,5,2,0,"A district known for its waterfalls, caves, and wildlife."
Kochi Fort,Kochi,Kerala,900000,4.4,9:30 AM - 5:00 PM,5,3,3,0,"A historic fort in Kochi, known for its colonial architecture."
Varkala Beach,Varkala,Kerala,850000,4.6,24 hours,2,5,3,5,A coastal town known for its cliffs and beach.
Bekal Fort,Bekal,Kerala,800000,4.5,8:00 AM - 6:00 PM,5,3,2,0,"A historic fort in Kasaragod, known for its scenic location."
Athirapally Waterfalls,Athirapally,Kerala,750000,4.5,8:00 AM - 5:00 PM,2,5,3,0,A waterfall located in the Chalakudy River.
Sree Padmanabhaswamy Temple,Thiruvananthapuram,Kerala,700000,4.7,3:30 AM - 7:30 PM,5,3,2,0,"A Hindu temple in Thiruvananthapuram, known for its rich history."
Poovar Island,Poovar,Kerala,650000,4.4,24 hours,2,5,3,5,A coastal village known for its golden sand beaches.
Kovalam Beach,Kovalam,Kerala,600000,4.5,24 hours,2,5,3,5,A popular beach town near Thiruvananthapuram.
Periyar Wildlife Sanctuary,Thekkady,Kerala,550000,4.4,6:00 AM - 6:00 PM,2,5,3,0,A wildlife sanctuary located in Thekkady.
Vagamon,Vagamon,Kerala,500000,4.5,24 hours,2,5,2,0,A hill station known for its meadows and tea gardens.
Ponmudi,Ponmudi,Kerala,450000,4.4,24 hours,2,5,2,0,A hill station known for its natural beauty.
Silent Valley National Park,Silent Valley,Kerala,400000,4.5,6:00 AM - 6:00 PM,3,5,2,0,A national park known for its tropical rainforest.
Thrissur Pooram,Thrissur,Kerala,350000,4.6,6:00 AM - 6:00 PM,4,2,3,0,An annual Hindu festival held in Thrissur.
Guruvayur Temple,Guruvayur,Kerala,300000,4.7,3:00 AM - 9:15 PM,5,2,2,0,"A Hindu temple in Guruvayur, known for its elephant sanctuary."
Munroe Island,Munroe Island,Kerala,250000,4.5,24 hours,3,5,2,0,An island located in the Ashtamudi Lake.
Ashtamudi Lake,Ashtamudi,Kerala,200000,4.4,24 hours,3,5,2,0,"A large lake in Kollam, known for its houseboat cruises."
Nelliampathy,Nelliampathy,Kerala,150000,4.5,24 hours,2,5,2,0,A hill station known for its tea and coffee plantations.
Malampuzha Dam,Palakkad,Kerala,100000,4.3,9:00 AM - 5:00 PM,2,3,2,0,A dam and garden located in Palakkad.
Thiruvananthapuram Zoo,Thiruvananthapuram,Kerala,90000,4.2,9:00 AM - 5:15 PM,2,3,2,0,A zoo located in Thiruvananthapuram.
Cherai Beach,Cherai,Kerala,80000,4.5,24 hours,2,5,2,5,"A beach located in Cherai, known for its golden sand."
Edakkal Caves,Wayanad,Kerala,70000,4.3,8:00 AM - 4:00 PM,3,3,2,0,A prehistoric rock shelter located in Wayanad.
Marari Beach,Alappuzha,Kerala,60000,4.4,24 hours,2,5,2,5,"A beach located in Alappuzha, known for its scenic beauty."
Anamudi Peak,Munnar,Kerala,50000,4.5,24 hours,3,5,2,0,"The highest peak in Kerala, located in the Western Ghats."
Veli Tourist Village,Thiruvananthapuram,Kerala,40000,4.3,6:00 AM - 6:00 PM,2,3,2,5,A tourist village located in Thiruvananthapuram.
Kottayam,Kottayam,Kerala,30000,4.4,24 hours,3,5,2,0,A city known for its rubber plantations.
Kuttanad,Kuttanad,Kerala,25000,4.5,24 hours,3,5,2,0,A region known for its backwaters and paddy fields.

Tamil Nadu

Golconda Fort,Hyderabad,Telangana,3000000,4.5,9:00 AM - 5:30 PM,5,2,2,0,"A historic fort located in Hyderabad, known for its grandeur and architectural beauty."
Charminar,Hyderabad,Telangana,2500000,4.4,9:30 AM - 5:30 PM,5,2,2,0,An iconic monument and mosque located in Hyderabad.
Ramoji Film City,Hyderabad,Telangana,1800000,4.3,9:00 AM - 7:30 PM,2,3,5,0,"The world's largest film city located in Hyderabad, offering various entertainment options."
Birla Mandir,Hyderabad,Telangana,1500000,4.4,"7:00 AM - 12:00 PM, 3:00 PM - 9:00 PM",3,2,2,0,"A famous Hindu temple located in Hyderabad, known for its white marble structure."
Salar Jung Museum,Hyderabad,Telangana,1200000,4.4,10:00 AM - 5:00 PM,4,2,2,0,"One of the largest museums in India, located in Hyderabad."
Nehru Zoological Park,Hyderabad,Telangana,1000000,4.2,8:00 AM - 5:30 PM,2,4,3,0,"A popular zoo located in Hyderabad, known for its diverse collection of animals."
Chowmahalla Palace,Hyderabad,Telangana,900000,4.3,10:00 AM - 5:00 PM,4,2,2,0,"A palace located in Hyderabad, known for its stunning architecture."
Hussain Sagar Lake,Hyderabad,Telangana,850000,4.1,24 hours,2,4,3,0,"A large artificial lake in Hyderabad, popular for boating and other activities."
Qutub Shahi Tombs,Hyderabad,Telangana,800000,4.3,9:30 AM - 5:30 PM,4,2,2,0,"A historical site in Hyderabad, featuring the tombs of the Qutub Shahi dynasty."
Lumbini Park,Hyderabad,Telangana,750000,4.2,9:00 AM - 8:00 PM,2,3,4,0,"A park located in Hyderabad, known for its musical fountain and laser show."
Snow World,Hyderabad,Telangana,700000,4.1,11:00 AM - 9:00 PM,2,3,5,0,An indoor snow theme park located in Hyderabad.
KBR National Park,Hyderabad,Telangana,650000,4.3,"5:30 AM - 10:00 AM, 4:30 PM - 7:00 PM",3,5,2,0,"A national park located in Hyderabad, known for its diverse flora and fauna."
Purani Haveli,Hyderabad,Telangana,600000,4.1,10:30 AM - 5:00 PM,4,2,2,0,A historical palace located in Hyderabad.
Taramati Baradari,Hyderabad,Telangana,550000,4.0,11:00 AM - 6:00 PM,4,3,3,0,A historical pavilion located in Hyderabad.
Shilparamam,Hyderabad,Telangana,500000,4.2,10:30 AM - 8:00 PM,2,3,4,0,"A cultural village located in Hyderabad, showcasing the arts and crafts of Telangana."
Mecca Masjid,Hyderabad,Telangana,450000,4.4,"8:00 AM - 12:00 PM, 3:00 PM - 8:00 PM",5,2,2,0,A grand mosque located in Hyderabad.
Birla Planetarium,Hyderabad,Telangana,400000,4.1,10:30 AM - 8:00 PM,2,3,4,0,"A planetarium located in Hyderabad, offering astronomical shows."
Mrugavani National Park,Hyderabad,Telangana,350000,4.0,9:00 AM - 5:00 PM,2,5,2,0,"A national park located in Hyderabad, known for its wildlife."
Mahavir Harina Vanasthali National Park,Hyderabad,Telangana,300000,4.1,9:00 AM - 5:00 PM,3,5,2,0,"A national park located in Hyderabad, known for its deer population."
Keesaragutta Temple,Keesara,Telangana,250000,4.3,"6:00 AM - 12:30 PM, 4:00 PM - 8:30 PM",4,2,2,0,"A temple located in Keesara, known for its ancient architecture."
Ananthagiri Hills,Vikarabad,Telangana,200000,4.2,24 hours,3,5,2,0,"A hill station located near Hyderabad, known for its scenic beauty."
Pocharam Wildlife Sanctuary,Medak,Telangana,150000,4.0,6:00 AM - 6:00 PM,2,5,2,0,A wildlife sanctuary located near Hyderabad.
Medak Fort,Medak,Telangana,100000,4.1,10:00 AM - 5:00 PM,5,3,2,0,A historic fort located in Medak.
Bhongir Fort,Bhongir,Telangana,90000,4.2,10:00 AM - 5:00 PM,4,3,2,0,A historic fort located in Bhongir.
Warangal Fort,Warangal,Telangana,85000,4.3,10:00 AM - 5:00 PM,5,2,2,0,A historic fort located in Warangal.
Pakhal Lake,Warangal,Telangana,80000,4.1,24 hours,3,5,2,0,"A lake located near Warangal, known for its scenic beauty."
Khammam Fort,Khammam,Telangana,75000,4.0,10:00 AM - 5:00 PM,4,2,2,0,A historic fort located in Khammam.
Alampur,Alampur,Telangana,70000,4.2,"5:30 AM - 1:00 PM, 3:00 PM - 8:30 PM",4,3,2,0,A temple town located in Alampur.
Bhadrachalam,Bhadrachalam,Telangana,65000,4.1,4:00 AM - 9:00 PM,3,3,2,0,A temple town located in Bhadrachalam.
Basara,Basara,Telangana,60000,4.3,4:00 AM - 9:00 PM,3,3,2,0,A temple town known for its Saraswati temple.

Kingdom of Dreams,Gurgaon,Haryana,1800000,4.5,12:00 PM - 12:00 AM,2,2,5,0,"A popular entertainment destination in Gurgaon, known for its live shows and cultural performances."
Sultanpur National Park,Gurgaon,Haryana,1000000,4.4,7:00 AM - 4:30 PM,3,5,2,0,"A national park located in Gurgaon, known for its bird sanctuary."
Kurukshetra,Kurukshetra,Haryana,800000,4.5,24 hours,5,3,2,0,A historical city known for its association with the Mahabharata.
Pinjore Gardens,Panchkula,Haryana,600000,4.4,7:00 AM - 10:00 PM,4,4,3,0,"A Mughal garden located in Panchkula, known for its beautiful layout and fountains."
Morni Hills,Panchkula,Haryana,400000,4.3,24 hours,3,5,2,0,"A hill station located in Panchkula, known for its scenic beauty."
Firoz Shah Palace Complex,Hisar,Haryana,200000,4.2,8:00 AM - 6:00 PM,5,2,2,0,A historical palace complex located in Hisar.
Badkhal Lake,Faridabad,Haryana,300000,4.3,8:00 AM - 6:00 PM,3,4,2,0,"A natural lake located in Faridabad, popular for picnics and boating."
Surajkund,Faridabad,Haryana,500000,4.4,9:00 AM - 7:00 PM,4,3,3,0,"A popular site in Faridabad, known for its annual crafts fair."
Brahma Sarovar,Kurukshetra,Haryana,600000,4.5,5:00 AM - 8:00 PM,5,2,2,0,"A sacred tank located in Kurukshetra, associated with Lord Brahma."
Cactus Garden,Panchkula,Haryana,400000,4.4,7:00 AM - 7:00 PM,3,4,2,0,"A botanical garden located in Panchkula, known for its collection of cacti."
Yadavindra Gardens,Pinjore,Haryana,500000,4.5,7:00 AM - 7:00 PM,4,3,3,0,"A historic garden located in Pinjore, known for its Mughal architecture."
Kaithal,Kaithal,Haryana,300000,4.3,24 hours,5,2,2,0,A historic town known for its ancient temples.
Panchkula,Panchkula,Haryana,400000,4.4,24 hours,2,3,2,0,A city located in the foothills of the Shivalik range.
Sohna,Sohna,Haryana,500000,4.5,24 hours,4,4,3,0,A town known for its hot springs and resorts.
Tilyar Lake,Rohtak,Haryana,600000,4.4,8:00 AM - 6:00 PM,2,5,2,0,"A lake located in Rohtak, popular for boating and picnics."
Blue Bird Lake,Hisar,Haryana,300000,4.3,8:00 AM - 6:00 PM,2,4,2,0,"A lake located in Hisar, known for its scenic beauty."
Ch. Devi Lal Herbal Nature Park,Yamunanagar,Haryana,400000,4.4,7:00 AM - 6:00 PM,2,5,2,0,A herbal nature park located in Yamunanagar.
Kalesar National Park,Yamunanagar,Haryana,200000,4.2,6:00 AM - 6:00 PM,3,5,2,0,"A national park located in Yamunanagar, known for its diverse flora and fauna."
Karna Lake,Karnal,Haryana,300000,4.3,8:00 AM - 6:00 PM,2,4,2,0,"A lake located in Karnal, popular for boating and picnics."
Krishna Museum,Kurukshetra,Haryana,400000,4.4,10:00 AM - 5:00 PM,4,2,2,0,"A museum located in Kurukshetra, showcasing artifacts related to Lord Krishna."
Bhindawas Wildlife Sanctuary,Jhajjar,Haryana,300000,4.3,6:00 AM - 6:00 PM,3,5,2,0,"A wildlife sanctuary located in Jhajjar, known for its bird population."
Dhosi Hill,Mahendragarh,Haryana,200000,4.2,24 hours,3,5,2,0,"A hill located in Mahendragarh, known for its ancient fort."
Pataudi Palace,Gurgaon,Haryana,300000,4.3,10:00 AM - 5:00 PM,5,2,2,0,"A palace located in Gurgaon, known for its architecture."
Nahar Singh Palace,Faridabad,Haryana,400000,4.4,10:00 AM - 5:00 PM,4,3,2,0,A historical palace located in Faridabad.
Asigarh Fort,Hansi,Haryana,300000,4.3,24 hours,5,2,2,0,A historic fort located in Hansi.
Cantonment Church Tower,Karnal,Haryana,200000,4.2,9:00 AM - 5:00 PM,4,3,2,0,A historic church tower located in Karnal.
Star Monument,Bhiwani,Haryana,300000,4.3,8:00 AM - 6:00 PM,4,2,2,0,"A monument located in Bhiwani, dedicated to Saint Rampal Ji Maharaj."
Rani Ka Talab,Kaithal,Haryana,400000,4.4,6:00 AM - 8:00 PM,3,3,2,0,A historic tank located in Kaithal.
Loharu Fort,Loharu,Haryana,300000,4.3,24 hours,4,4,2,0,A historic fort located in Loharu.
Feroz Shah Tughlaq Fort,Hisar,Haryana,200000,4.2,9:00 AM - 5:00 PM,5,3,2,0,A historic fort located in Hisar.

Dal Lake,Srinagar,Jammu and Kashmir,2000000,4.7,24 hours,2,5,2,0,"A famous lake in Srinagar, known for its houseboats and shikara rides."
Gulmarg,Gulmarg,Jammu and Kashmir,1500000,4.6,24 hours,2,5,3,0,A popular hill station and skiing destination.
Pahalgam,Pahalgam,Jammu and Kashmir,1200000,4.5,24 hours,2,5,3,0,A picturesque town known for its beautiful landscapes and trekking routes.
Sonamarg,Sonamarg,Jammu and Kashmir,800000,4.6,24 hours,2,5,3,0,A beautiful valley known for its scenic beauty and adventure activities.
Vaishno Devi Temple,Katra,Jammu and Kashmir,8000000,4.8,4:00 AM - 11:00 PM,5,2,2,0,A famous Hindu pilgrimage site located in the Trikuta Mountains.
Hemis Monastery,Leh,Jammu and Kashmir,300000,4.6,"8:00 AM - 1:00 PM, 2:00 PM - 6:00 PM",5,3,2,0,A famous Buddhist monastery located in Leh.
Shankaracharya Temple,Srinagar,Jammu and Kashmir,400000,4.5,6:00 AM - 8:00 PM,5,3,2,0,A Hindu temple located on the Zabarwan Range in Srinagar.
Nubra Valley,Leh,Jammu and Kashmir,500000,4.7,24 hours,2,5,3,0,A high-altitude cold desert with stunning landscapes.
Betaab Valley,Pahalgam,Jammu and Kashmir,600000,4.6,24 hours,2,5,3,0,A beautiful valley known for its picturesque landscapes.
Amarnath Cave,Pahalgam,Jammu and Kashmir,1000000,4.8,4:00 AM - 11:00 PM,5,3,2,0,A famous Hindu shrine located in the Himalayas.
Pangong Lake,Leh,Jammu and Kashmir,1200000,4.7,24 hours,2,5,2,0,A beautiful high-altitude lake located in the Himalayas.
Shalimar Bagh,Srinagar,Jammu and Kashmir,800000,4.6,9:30 AM - 6:30 PM,4,4,3,0,A Mughal garden located in Srinagar.
Nishat Bagh,Srinagar,Jammu and Kashmir,700000,4.5,9:30 AM - 6:30 PM,4,4,3,0,A Mughal garden located in Srinagar.
Dachigam National Park,Srinagar,Jammu and Kashmir,500000,4.6,8:00 AM - 6:30 PM,2,5,2,0,"A national park located in Srinagar, known for its rich biodiversity."
Indira Gandhi Memorial Tulip Garden,Srinagar,Jammu and Kashmir,600000,4.7,9:00 AM - 7:00 PM,4,5,3,0,"A tulip garden located in Srinagar, open during the spring season."
Mughal Road,Poonch,Jammu and Kashmir,400000,4.6,24 hours,4,4,3,0,A historic road connecting Poonch and Shopian.
Bhaderwah,Doda,Jammu and Kashmir,300000,4.5,24 hours,2,5,2,0,A town known for its scenic beauty and adventure activities.
Yusmarg,Budgam,Jammu and Kashmir,200000,4.4,24 hours,2,5,3,0,A beautiful meadow located in Budgam district.
Sinthan Top,Anantnag,Jammu and Kashmir,100000,4.3,24 hours,2,5,3,0,A mountain pass located in the Anantnag district.
Aharbal Waterfall,Anantnag,Jammu and Kashmir,300000,4.5,24 hours,2,5,2,0,A beautiful waterfall located in the Anantnag district.
Patnitop,Udhampur,Jammu and Kashmir,700000,4.6,24 hours,2,5,3,0,A popular hill station located in the Udhampur district.
Manasbal Lake,Ganderbal,Jammu and Kashmir,400000,4.5,24 hours,2,5,3,0,A beautiful lake located in the Ganderbal district.
Sheeshnag Lake,Anantnag,Jammu and Kashmir,200000,4.4,24 hours,2,5,2,0,A high-altitude lake located on the route to Amarnath.
Hari Parbat,Srinagar,Jammu and Kashmir,300000,4.5,8:00 AM - 8:00 PM,5,3,3,0,A historic fort located in Srinagar.
Lamayuru Monastery,Leh,Jammu and Kashmir,500000,4.6,6:00 AM - 6:00 PM,5,3,2,0,A famous Buddhist monastery located in Leh.
Surinsar Lake,Jammu,Jammu and Kashmir,600000,4.7,24 hours,2,5,3,0,A beautiful lake located in the Jammu district.
Tso Moriri Lake,Leh,Jammu and Kashmir,200000,4.5,24 hours,2,5,2,0,A high-altitude lake located in the Himalayas.
Dras War Memorial,Dras,Jammu and Kashmir,100000,4.6,9:00 AM - 8:00 PM,5,3,2,0,A war memorial located in Dras.
Kheer Bhawani Temple,Ganderbal,Jammu and Kashmir,300000,4.5,6:00 AM - 8:00 PM,5,3,2,0,A Hindu temple located in Ganderbal district.
Sanasar Lake,Jammu,Jammu and Kashmir,400000,4.4,24 hours,2,5,3,0,A beautiful lake located in the Jammu district.

Golden Temple,Amritsar,Punjab,10000000,4.9,24 hours,5,2,3,0,"A sacred Sikh temple located in Amritsar, known for its stunning architecture."
Jallianwala Bagh,Amritsar,Punjab,3000000,4.7,6:00 AM - 7:00 PM,5,2,2,0,"A public garden in Amritsar, commemorating the Jallianwala Bagh massacre."
Wagah Border,Amritsar,Punjab,2500000,4.6,10:00 AM - 6:00 PM,4,2,4,0,A famous border ceremony site between India and Pakistan.
Rock Garden of Chandigarh,Chandigarh,Punjab,1200000,4.5,9:00 AM - 7:00 PM,3,3,3,0,"A sculpture garden in Chandigarh, known for its unique rock sculptures."
Sukhna Lake,Chandigarh,Punjab,1000000,4.4,5:00 AM - 9:00 PM,2,4,4,0,"A man-made reservoir in Chandigarh, popular for boating."
Anandpur Sahib,Anandpur Sahib,Punjab,500000,4.6,5:00 AM - 10:00 PM,4,3,2,0,A historical town known for its Sikh heritage.
Durgiana Temple,Amritsar,Punjab,700000,4.5,6:00 AM - 10:00 PM,4,2,2,0,"A Hindu temple in Amritsar, known for its resemblance to the Golden Temple."
Harike Wetland and Bird Sanctuary,Tarn Taran Sahib,Punjab,300000,4.4,7:00 AM - 5:00 PM,2,5,2,0,A wetland and bird sanctuary located in Tarn Taran Sahib.
Maharaja Ranjit Singh Museum,Amritsar,Punjab,500000,4.5,10:00 AM - 5:00 PM,5,2,2,0,"A museum in Amritsar, showcasing the history of Maharaja Ranjit Singh."
Partition Museum,Amritsar,Punjab,400000,4.6,10:00 AM - 6:00 PM,5,2,2,0,"A museum in Amritsar, dedicated to the partition of India."
Pushpa Gujral Science City,Kapurthala,Punjab,600000,4.5,9:00 AM - 6:00 PM,2,3,4,0,"A science center in Kapurthala, promoting scientific education."
Virasat-e-Khalsa,Anandpur Sahib,Punjab,700000,4.6,9:00 AM - 6:00 PM,4,2,3,0,"A museum in Anandpur Sahib, showcasing the history and culture of Punjab."
Bathinda Fort,Bathinda,Punjab,500000,4.5,8:00 AM - 6:00 PM,5,3,2,0,"A historic fort in Bathinda, known for its architecture."
Sheesh Mahal,Patiala,Punjab,300000,4.4,10:00 AM - 6:00 PM,5,2,2,0,"A palace in Patiala, known for its Sheesh Mahal (Palace of Mirrors)."
Quila Mubarak,Patiala,Punjab,400000,4.3,10:00 AM - 6:00 PM,5,2,2,0,"A historic fort in Patiala, known for its architectural significance."
Rose Garden,Chandigarh,Punjab,500000,4.6,5:30 AM - 10:00 PM,2,4,4,0,"A garden in Chandigarh, known for its beautiful roses."
Ranjit Sagar Dam,Pathankot,Punjab,600000,4.5,6:00 AM - 6:00 PM,3,4,2,0,"A dam in Pathankot, popular for its scenic beauty."
Ram Tirath,Amritsar,Punjab,300000,4.4,5:00 AM - 10:00 PM,5,2,2,0,"A temple in Amritsar, associated with the Ramayana."
Talwandi Sabo,Talwandi Sabo,Punjab,400000,4.5,24 hours,4,2,2,0,A historic town known for its Sikh heritage.
Sirhind Fort,Fatehgarh Sahib,Punjab,200000,4.3,9:00 AM - 5:00 PM,5,3,2,0,"A fort in Fatehgarh Sahib, known for its historical significance."
Faridkot Fort,Faridkot,Punjab,300000,4.4,8:00 AM - 6:00 PM,5,3,2,0,"A fort in Faridkot, known for its historical significance."
Fateh Burj,Mohali,Punjab,400000,4.5,9:00 AM - 6:00 PM,4,2,2,0,"A victory tower in Mohali, commemorating the Sikh victories."
Gurudwara Baba Atal Rai,Amritsar,Punjab,200000,4.3,5:00 AM - 10:00 PM,4,2,2,0,"A Gurdwara in Amritsar, dedicated to Baba Atal Rai."
"Kali Temple, Patiala",Patiala,Punjab,300000,4.4,5:00 AM - 10:00 PM,5,2,2,0,"A temple in Patiala, dedicated to the goddess Kali."
Gurdwara Manji Sahib,Ludhiana,Punjab,200000,4.5,5:00 AM - 10:00 PM,4,2,2,0,"A Gurdwara in Ludhiana, known for its historical significance."
Devi Talab Mandir,Jalandhar,Punjab,300000,4.6,5:00 AM - 10:00 PM,5,2,2,0,"A temple in Jalandhar, dedicated to the goddess Durga."
Mukteshwar Temple,Pathankot,Punjab,100000,4.4,5:00 AM - 10:00 PM,4,2,2,0,"A temple in Pathankot, dedicated to Lord Shiva."
"Shiv Mandir, Gurudwara Nanak Mata",Ludhiana,Punjab,200000,4.3,5:00 AM - 10:00 PM,4,3,2,0,"A temple in Ludhiana, known for its architectural significance."
Lodhi Fort,Ludhiana,Punjab,300000,4.4,8:00 AM - 6:00 PM,5,3,2,0,"A fort in Ludhiana, known for its historical significance."
Maharaja Ranjit Singh War Museum,Ludhiana,Punjab,400000,4.5,10:00 AM - 6:00 PM,5,2,2,0,"A war museum in Ludhiana, showcasing the history of the Indian armed forces."

Taj Mahal,Agra,Uttar Pradesh,7000000,4.9,6:00 AM - 7:00 PM,5,2,2,0,"A UNESCO World Heritage site and one of the Seven Wonders of the World, located in Agra."
Agra Fort,Agra,Uttar Pradesh,5000000,4.8,6:00 AM - 6:00 PM,5,2,2,0,"A historic fort in Agra, known for its Mughal architecture."
Fatehpur Sikri,Fatehpur Sikri,Uttar Pradesh,4000000,4.7,6:00 AM - 6:00 PM,5,2,2,0,"A historic city founded by Akbar, known for its Mughal architecture."
Varanasi Ghats,Varanasi,Uttar Pradesh,6000000,4.8,24 hours,4,4,2,0,A series of ghats located along the Ganges River in Varanasi.
Kashi Vishwanath Temple,Varanasi,Uttar Pradesh,5000000,4.7,4:00 AM - 11:00 PM,5,2,2,0,"A famous Hindu temple in Varanasi, dedicated to Lord Shiva."
Sarnath,Sarnath,Uttar Pradesh,3000000,4.6,8:00 AM - 6:00 PM,5,4,2,0,"A city near Varanasi, known for its association with Buddha."
Allahabad Triveni Sangam,Prayagraj,Uttar Pradesh,4000000,4.7,24 hours,4,5,3,0,"A sacred site where the Ganges, Yamuna, and Saraswati rivers meet."
Jhansi Fort,Jhansi,Uttar Pradesh,3000000,4.6,7:00 AM - 6:00 PM,5,2,2,0,"A historic fort in Jhansi, associated with Rani Lakshmibai."
Rumi Darwaza,Lucknow,Uttar Pradesh,2000000,4.8,6:00 AM - 6:00 PM,5,2,2,0,"A historic gate in Lucknow, known for its Mughal architecture."
Lucknow Residency,Lucknow,Uttar Pradesh,1000000,4.7,10:00 AM - 5:00 PM,5,2,2,0,"A historic building in Lucknow, associated with the Indian Rebellion of 1857."
Bara Imambara,Lucknow,Uttar Pradesh,2000000,4.6,6:00 AM - 6:00 PM,5,2,2,0,"A historic complex in Lucknow, known for its Mughal architecture."
Akbar's Tomb,Agra,Uttar Pradesh,1500000,4.7,6:00 AM - 6:00 PM,5,2,2,0,"The tomb of Akbar the Great, located in Agra."
Chitrakoot,Chitrakoot,Uttar Pradesh,1400000,4.8,24 hours,5,4,3,0,A town known for its association with the Ramayana.
Banke Bihari Temple,Vrindavan,Uttar Pradesh,1300000,4.6,7:00 AM - 8:30 PM,4,2,2,0,"A famous Hindu temple in Vrindavan, dedicated to Lord Krishna."
"Prem Mandir, Vrindavan",Vrindavan,Uttar Pradesh,1200000,4.7,5:30 AM - 9:30 PM,5,2,2,0,"A famous temple in Vrindavan, known for its architecture."
Bharat Mata Mandir,Varanasi,Uttar Pradesh,1100000,4.8,6:00 AM - 7:00 PM,4,2,2,0,"A temple in Varanasi, dedicated to Bharat Mata (Mother India)."
Dudhwa National Park,Lakhimpur Kheri,Uttar Pradesh,1000000,4.6,7:00 AM - 6:00 PM,3,5,2,0,A national park located in the Terai region of Uttar Pradesh.
Mathura,Mathura,Uttar Pradesh,900000,4.7,24 hours,5,4,2,0,A city known for its association with Lord Krishna.
Ayodhya,Ayodhya,Uttar Pradesh,800000,4.8,24 hours,5,4,2,0,A city known for its association with Lord Rama.
Sankat Mochan Hanuman Temple,Varanasi,Uttar Pradesh,700000,4.6,6:00 AM - 10:00 PM,4,2,2,0,"A famous temple in Varanasi, dedicated to Hanuman."
Kanpur Memorial Church,Kanpur,Uttar Pradesh,600000,4.7,8:00 AM - 6:00 PM,4,2,2,0,"A historic church in Kanpur, associated with the British colonial period."
Kakori,Kakori,Uttar Pradesh,500000,4.6,24 hours,4,3,2,0,A town known for its association with the Kakori conspiracy.
Vindhyachal,Vindhyachal,Uttar Pradesh,400000,4.7,6:00 AM - 7:00 PM,5,4,2,0,A town known for its religious significance and temples.
Hastinapur,Hastinapur,Uttar Pradesh,300000,4.6,24 hours,5,3,2,0,A historic town known for its association with the Mahabharata.
Naimisaranya,Naimisaranya,Uttar Pradesh,200000,4.8,6:00 AM - 7:00 PM,5,4,2,0,A town known for its association with the Mahabharata.
Sarnath Museum,Sarnath,Uttar Pradesh,150000,4.7,8:00 AM - 5:00 PM,5,4,2,0,"A museum in Sarnath, showcasing artifacts related to Buddha."
Govardhan Hill,Mathura,Uttar Pradesh,100000,4.8,24 hours,5,3,2,0,"A hill located near Mathura, associated with Lord Krishna."
Ramnagar Fort,Varanasi,Uttar Pradesh,90000,4.6,6:00 AM - 6:00 PM,5,2,2,0,A historic fort located in Varanasi.
Sikandra,Agra,Uttar Pradesh,80000,4.7,6:00 AM - 6:00 PM,5,2,2,0,"The tomb of Akbar the Great, located in Agra."
Itmad-ud-Daula,Agra,Uttar Pradesh,70000,4.6,6:00 AM - 6:00 PM,5,2,2,0,"A historic tomb in Agra, known for its Mughal architecture."

Gateway of India,Mumbai,Maharashtra,7000000,4.8,24 hours,5,2,2,0,An iconic monument built during the British Raj in Mumbai.
Ajanta Caves,Aurangabad,Maharashtra,6000000,4.7,6:00 AM - 6:00 PM,5,4,2,0,A UNESCO World Heritage site known for its ancient Buddhist rock-cut caves.
Ellora Caves,Aurangabad,Maharashtra,5000000,4.8,6:00 AM - 6:00 PM,5,4,2,0,A UNESCO World Heritage site known for its monumental caves.
Elephanta Caves,Mumbai,Maharashtra,4000000,4.7,9:00 AM - 5:30 PM,5,3,2,0,A UNESCO World Heritage site with rock-cut sculptures and art.
Chhatrapati Shivaji Terminus,Mumbai,Maharashtra,3000000,4.6,24 hours,5,2,2,0,A historic railway station and UNESCO World Heritage site in Mumbai.
Marine Drive,Mumbai,Maharashtra,2000000,4.8,24 hours,2,4,3,5,A scenic promenade along the Arabian Sea in Mumbai.
Shaniwar Wada,Pune,Maharashtra,1000000,4.7,9:30 AM - 5:00 PM,5,2,2,0,"A historic fort in Pune, known for its architecture."
Mahabaleshwar,Mahabaleshwar,Maharashtra,900000,4.8,24 hours,2,5,3,0,A popular hill station known for its scenic beauty.
Lonavala,Lonavala,Maharashtra,800000,4.7,24 hours,2,5,3,0,A popular hill station known for its lakes and waterfalls.
Siddhivinayak Temple,Mumbai,Maharashtra,700000,4.6,4:30 AM - 9:00 PM,4,2,2,0,"A famous Hindu temple in Mumbai, dedicated to Lord Ganesha."
Haji Ali Dargah,Mumbai,Maharashtra,600000,4.8,5:30 AM - 10:00 PM,4,3,2,0,A famous mosque and dargah located on an islet off the coast of Mumbai.
Alibaug,Alibaug,Maharashtra,500000,4.7,24 hours,2,5,3,5,A coastal town known for its beaches.
Sinhagad Fort,Pune,Maharashtra,400000,4.8,6:00 AM - 6:00 PM,5,4,2,0,A historic fort located near Pune.
Bibi Ka Maqbara,Aurangabad,Maharashtra,300000,4.7,8:00 AM - 8:00 PM,5,3,2,0,"A historic mausoleum in Aurangabad, resembling the Taj Mahal."
Kanheri Caves,Mumbai,Maharashtra,200000,4.8,7:30 AM - 5:30 PM,5,4,2,0,Ancient rock-cut caves located in Mumbai.
Chikhaldara,Chikhaldara,Maharashtra,100000,4.7,24 hours,2,5,2,0,A hill station known for its wildlife and natural beauty.
Panchgani,Panchgani,Maharashtra,90000,4.8,24 hours,2,5,2,0,A hill station known for its scenic beauty.
Tadoba Andhari Tiger Reserve,Chandrapur,Maharashtra,80000,4.7,6:00 AM - 9:00 PM,3,5,2,0,A tiger reserve located in Chandrapur district.
Rajmachi Fort,Lonavala,Maharashtra,70000,4.8,24 hours,5,4,2,0,A historic fort located in the Sahyadri mountains.
Bhimashankar Temple,Pune,Maharashtra,60000,4.7,5:00 AM - 9:00 PM,5,4,2,0,A famous Hindu temple located in Pune district.
Pratapgad Fort,Satara,Maharashtra,50000,4.8,10:00 AM - 5:30 PM,5,4,2,0,A historic fort located in Satara district.
Aga Khan Palace,Pune,Maharashtra,40000,4.7,9:00 AM - 5:30 PM,5,3,2,0,A historic palace located in Pune.
Elephanta Island,Mumbai,Maharashtra,30000,4.8,9:00 AM - 5:30 PM,5,3,2,5,An island known for its ancient rock-cut temples.
Lavasa,Lavasa,Maharashtra,20000,4.7,24 hours,2,5,3,0,A planned city known for its lakes and hills.
Nashik Vineyards,Nashik,Maharashtra,10000,4.8,9:30 AM - 6:00 PM,2,5,2,0,A region known for its vineyards and wine production.
Aurangabad Caves,Aurangabad,Maharashtra,9000,4.7,6:00 AM - 6:00 PM,5,4,2,0,Ancient rock-cut caves located in Aurangabad.
Karnala Bird Sanctuary,Raigad,Maharashtra,8000,4.8,7:00 AM - 5:00 PM,3,5,2,0,A bird sanctuary located in Raigad district.
Hanging Gardens,Mumbai,Maharashtra,7000,4.7,5:00 AM - 9:00 PM,2,4,2,0,A terraced garden located in Mumbai.
Worli Sea Face,Mumbai,Maharashtra,6000,4.8,24 hours,2,4,2,5,A popular promenade along the coast of Mumbai.
EsselWorld,Mumbai,Maharashtra,5000,4.7,10:00 AM - 8:00 PM,3,2,5,0,A popular amusement park located in Mumbai.

Statue of Unity,Kevadia,Gujarat,2500000,4.9,8:00 AM - 6:00 PM,3,2,3,0,A colossal statue of Sardar Vallabhbhai Patel located in Kevadia.
Gir National Park,Gir,Gujarat,2000000,4.8,6:00 AM - 6:00 PM,2,5,2,0,A wildlife sanctuary known for its Asiatic lions.
Rann of Kutch,Kutch,Gujarat,1800000,4.7,24 hours,2,5,2,0,A salt marsh located in the Thar Desert.
Somnath Temple,Somnath,Gujarat,2200000,4.8,5:00 AM - 10:00 PM,5,2,2,0,A famous Hindu temple located in Prabhas Patan.
Dwarkadhish Temple,Dwarka,Gujarat,2100000,4.7,"6:00 AM - 1:00 PM, 5:00 PM - 9:30 PM",5,2,2,0,A famous Hindu temple located in Dwarka.
Sabarmati Ashram,Ahmedabad,Gujarat,1900000,4.9,8:30 AM - 6:30 PM,5,3,2,0,A historic ashram located in Ahmedabad.
Laxmi Vilas Palace,Vadodara,Gujarat,1700000,4.8,9:30 AM - 5:00 PM,5,3,2,0,A historic palace located in Vadodara.
Sardar Patel Stadium,Ahmedabad,Gujarat,1600000,4.7,10:00 AM - 6:00 PM,2,2,4,0,A cricket stadium located in Ahmedabad.
Kankaria Lake,Ahmedabad,Gujarat,1500000,4.6,9:00 AM - 10:00 PM,2,5,3,0,A man-made lake located in Ahmedabad.
"Akshardham Temple, Gandhinagar",Gandhinagar,Gujarat,1400000,4.8,9:30 AM - 7:30 PM,5,3,2,0,A Hindu temple located in Gandhinagar.
"Sun Temple, Modhera",Modhera,Gujarat,1300000,4.7,6:00 AM - 6:00 PM,5,3,2,0,A historic Hindu temple located in Modhera.
Rani ki Vav,Patan,Gujarat,1200000,4.9,7:00 AM - 6:00 PM,5,2,2,0,A UNESCO World Heritage site located in Patan.
Vijay Vilas Palace,Mandvi,Gujarat,1100000,4.8,9:00 AM - 6:00 PM,5,3,2,0,A historic palace located in Mandvi.
Saputara,Saputara,Gujarat,1000000,4.7,24 hours,2,5,3,0,A hill station located in the Dang district.
Shatrunjaya Hill Temples,Palitana,Gujarat,900000,4.8,6:00 AM - 6:00 PM,5,3,2,0,A group of Jain temples located in Palitana.
Mandvi Beach,Mandvi,Gujarat,800000,4.7,24 hours,2,5,3,5,A popular beach located in Mandvi.
Palitana,Palitana,Gujarat,700000,4.8,5:00 AM - 9:30 PM,5,2,2,0,A famous Jain pilgrimage site.
Velavadar Blackbuck National Park,Bhavnagar,Gujarat,600000,4.7,6:00 AM - 6:00 PM,3,5,2,0,A wildlife sanctuary located in Bhavnagar.
Marine National Park,Jamnagar,Gujarat,500000,4.8,6:00 AM - 6:00 PM,3,5,3,5,A marine park located in the Gulf of Kutch.
Sidi Saiyyed Mosque,Ahmedabad,Gujarat,400000,4.6,6:00 AM - 8:00 PM,5,2,2,0,A historic mosque located in Ahmedabad.
Bhuj,Bhuj,Gujarat,300000,4.7,24 hours,2,4,2,0,A historic city located in the Kutch district.
Nal Sarovar Bird Sanctuary,Ahmedabad,Gujarat,200000,4.8,6:00 AM - 6:00 PM,2,5,2,0,A bird sanctuary located in the Ahmedabad district.
Baroda Museum and Picture Gallery,Vadodara,Gujarat,100000,4.7,10:30 AM - 5:30 PM,4,2,2,0,A museum and art gallery located in Vadodara.
Gandhi Smriti,Bhavnagar,Gujarat,90000,4.6,10:00 AM - 5:00 PM,5,3,2,0,A museum located in Bhavnagar.
Hutheesing Jain Temple,Ahmedabad,Gujarat,80000,4.8,5:00 AM - 9:00 PM,5,2,2,0,A historic Jain temple located in Ahmedabad.
Champaner-Pavagadh Archaeological Park,Champaner,Gujarat,70000,4.7,8:30 AM - 5:00 PM,5,5,2,0,A UNESCO World Heritage site located in Champaner.
Lothal,Bhavnagar,Gujarat,60000,4.8,9:00 AM - 5:00 PM,5,5,2,0,A historic city located in the Bhavnagar district.
Gopnath Beach,Bhavnagar,Gujarat,50000,4.7,24 hours,2,5,2,5,A beach located in the Bhavnagar district.
Sarkhej Roza,Ahmedabad,Gujarat,40000,4.6,5:00 AM - 9:00 PM,5,3,2,0,A historic mosque located in Ahmedabad.
"Kirti Mandir, Porbandar",Porbandar,Gujarat,30000,4.8,8:30 AM - 5:00 PM,5,3,2,0,"A memorial located in Porbandar, dedicated to Mahatma Gandhi."

Amber Fort,Amer,Rajasthan,2500000,4.8,8:00 AM - 5:30 PM,5,2,2,0,"A historic fort located in Amer, near Jaipur."
"City Palace, Jaipur",Jaipur,Rajasthan,2000000,4.7,9:30 AM - 5:00 PM,5,2,2,0,A historic palace complex located in Jaipur.
Hawa Mahal,Jaipur,Rajasthan,2200000,4.6,9:00 AM - 4:30 PM,5,2,2,0,"A historic palace located in Jaipur, known for its unique architecture."
"Jantar Mantar, Jaipur",Jaipur,Rajasthan,1800000,4.8,9:00 AM - 4:30 PM,5,2,2,0,A historic observatory located in Jaipur.
Mehrangarh Fort,Jodhpur,Rajasthan,1600000,4.7,9:00 AM - 5:00 PM,5,2,2,0,A historic fort located in Jodhpur.
Lake Pichola,Udaipur,Rajasthan,1400000,4.8,24 hours,2,5,2,0,A picturesque lake located in Udaipur.
"City Palace, Udaipur",Udaipur,Rajasthan,1500000,4.6,9:30 AM - 5:30 PM,5,2,2,0,A historic palace complex located in Udaipur.
Jaisalmer Fort,Jaisalmer,Rajasthan,1300000,4.8,8:00 AM - 5:00 PM,5,2,2,0,A historic fort located in Jaisalmer.
Ranthambore National Park,Sawai Madhopur,Rajasthan,1200000,4.9,6:00 AM - 6:00 PM,2,5,2,0,A national park located in Sawai Madhopur.
Pushkar Lake,Pushkar,Rajasthan,1100000,4.6,24 hours,3,3,2,0,A sacred lake located in Pushkar.
Chittorgarh Fort,Chittorgarh,Rajasthan,1000000,4.7,9:30 AM - 6:30 PM,5,2,2,0,A historic fort located in Chittorgarh.
Kumbhalgarh Fort,Rajsamand,Rajasthan,900000,4.8,6:00 AM - 6:00 PM,5,2,2,0,A historic fort located in the Rajsamand district.
Mount Abu,Mount Abu,Rajasthan,800000,4.7,24 hours,2,5,2,0,A popular hill station located in the Aravalli range.
Ajmer Sharif Dargah,Ajmer,Rajasthan,700000,4.6,4:00 AM - 10:00 PM,5,2,2,0,A famous dargah located in Ajmer.
Umaid Bhawan Palace,Jodhpur,Rajasthan,600000,4.7,9:00 AM - 5:00 PM,5,2,2,0,A historic palace located in Jodhpur.
Saheliyon Ki Bari,Udaipur,Rajasthan,500000,4.6,9:00 AM - 7:00 PM,2,2,2,0,A historic garden located in Udaipur.
Jal Mahal,Jaipur,Rajasthan,400000,4.8,9:00 AM - 5:00 PM,5,2,2,0,A historic palace located in Jaipur.
Nahargarh Fort,Jaipur,Rajasthan,300000,4.7,10:00 AM - 5:00 PM,5,2,2,0,A historic fort located in Jaipur.
Bikaner Fort,Bikaner,Rajasthan,200000,4.8,10:00 AM - 5:00 PM,5,2,2,0,A historic fort located in Bikaner.
Mandawa,Mandawa,Rajasthan,150000,4.6,24 hours,4,2,2,0,A historic town known for its havelis.
Sariska Tiger Reserve,Alwar,Rajasthan,100000,4.7,6:00 AM - 6:00 PM,3,5,2,0,A wildlife sanctuary located in Alwar.
Keoladeo National Park,Bharatpur,Rajasthan,500000,4.8,6:00 AM - 6:00 PM,2,5,2,0,A national park located in Bharatpur.
Bagore Ki Haveli,Udaipur,Rajasthan,600000,4.7,9:30 AM - 5:30 PM,5,2,2,0,A historic haveli located in Udaipur.
Sheesh Mahal,Jaipur,Rajasthan,700000,4.6,9:00 AM - 5:00 PM,5,2,2,0,A historic palace located in Jaipur.
Sikar,Sikar,Rajasthan,400000,4.7,24 hours,5,2,2,0,A historic city known for its temples.
Alwar Fort,Alwar,Rajasthan,500000,4.8,10:00 AM - 5:00 PM,5,2,2,0,A historic fort located in Alwar.
Junagarh Fort,Bikaner,Rajasthan,300000,4.7,10:00 AM - 5:00 PM,5,2,2,0,A historic fort located in Bikaner.
Panna Meena Ka Kund,Jaipur,Rajasthan,200000,4.8,9:00 AM - 5:00 PM,5,2,2,0,A historic stepwell located in Jaipur.
Jaigarh Fort,Jaipur,Rajasthan,600000,4.7,9:00 AM - 5:00 PM,5,2,2,0,A historic fort located in Jaipur.
Neemrana Fort,Neemrana,Rajasthan,300000,4.6,9:00 AM - 5:00 PM,5,2,2,0,A historic fort located in Neemrana.

Victoria Memorial,Kolkata,West Bengal,4000000,4.8,10:00 AM - 5:00 PM,5,2,2,0,"A large marble building in Kolkata, dedicated to the memory of Queen Victoria."
Howrah Bridge,Kolkata,West Bengal,3500000,4.7,24 hours,5,2,2,0,A historic bridge over the Hooghly River in Kolkata.
Sundarbans,Sundarbans,West Bengal,3000000,4.8,6:00 AM - 6:00 PM,2,5,2,0,A vast mangrove forest and a UNESCO World Heritage site.
Dakshineswar Kali Temple,Kolkata,West Bengal,2500000,4.7,5:00 AM - 10:00 PM,5,2,2,0,"A famous Hindu temple dedicated to Goddess Kali, located in Kolkata."
Kalighat Kali Temple,Kolkata,West Bengal,2000000,4.6,"5:00 AM - 2:00 PM, 5:00 PM - 10:30 PM",5,2,2,0,"A historic Hindu temple dedicated to Goddess Kali, located in Kolkata."
Darjeeling Himalayan Railway,Darjeeling,West Bengal,1500000,4.8,"8:00 AM - 12:00 PM, 1:30 PM - 5:00 PM",5,4,3,0,A UNESCO World Heritage site known for its narrow-gauge railway.
Indian Museum,Kolkata,West Bengal,1000000,4.7,10:00 AM - 5:00 PM,5,2,2,0,"The largest and oldest museum in India, located in Kolkata."
Marble Palace,Kolkata,West Bengal,900000,4.8,10:00 AM - 4:00 PM,5,2,2,0,A historic mansion and art gallery located in Kolkata.
Eden Gardens,Kolkata,West Bengal,800000,4.7,24 hours,2,2,4,0,A historic cricket ground located in Kolkata.
Belur Math,Howrah,West Bengal,700000,4.6,"6:00 AM - 12:00 PM, 4:00 PM - 9:00 PM",5,2,2,0,"The headquarters of the Ramakrishna Math and Mission, located in Howrah."
Birla Planetarium,Kolkata,West Bengal,600000,4.8,12:00 PM - 6:30 PM,2,2,4,0,A large planetarium located in Kolkata.
St. Paul's Cathedral,Kolkata,West Bengal,500000,4.7,"9:00 AM - 12:00 PM, 3:00 PM - 6:00 PM",5,2,2,0,A historic cathedral located in Kolkata.
Science City,Kolkata,West Bengal,400000,4.8,9:00 AM - 8:00 PM,2,2,4,0,A large science center and amusement park located in Kolkata.
Jorasanko Thakur Bari,Kolkata,West Bengal,300000,4.7,10:30 AM - 5:00 PM,5,2,2,0,"The ancestral home of Rabindranath Tagore, located in Kolkata."
Rabindra Sarobar,Kolkata,West Bengal,200000,4.8,24 hours,2,5,3,0,A large artificial lake and park located in Kolkata.
Alipore Zoo,Kolkata,West Bengal,150000,4.7,9:00 AM - 5:00 PM,2,3,3,0,A zoological garden located in Kolkata.
Netaji Bhawan,Kolkata,West Bengal,100000,4.8,11:00 AM - 4:30 PM,5,2,2,0,"The ancestral home of Subhas Chandra Bose, located in Kolkata."
Fort William,Kolkata,West Bengal,90000,4.7,24 hours,5,2,2,0,A historic fort located in Kolkata.
Tipu Sultan Mosque,Kolkata,West Bengal,80000,4.8,5:00 AM - 9:00 PM,5,2,2,0,A historic mosque located in Kolkata.
Nicco Park,Kolkata,West Bengal,70000,4.7,10:30 AM - 6:00 PM,2,3,5,0,An amusement park located in Kolkata.
Shantiniketan,Shantiniketan,West Bengal,60000,4.8,9:00 AM - 6:00 PM,5,5,2,0,A university town established by Rabindranath Tagore.
Digha Beach,Digha,West Bengal,50000,4.7,24 hours,2,5,2,5,A popular beach resort town located in East Midnapore.
Bishnupur,Bishnupur,West Bengal,40000,4.8,6:00 AM - 9:00 PM,5,2,2,0,A town known for its terracotta temples.
Murshidabad,Murshidabad,West Bengal,30000,4.7,6:00 AM - 6:00 PM,5,2,2,0,A historic city located on the banks of the Ganges River.
Cooch Behar Palace,Cooch Behar,West Bengal,20000,4.8,10:00 AM - 5:00 PM,5,2,2,0,A historic palace located in Cooch Behar.
Sundarbans National Park,Sundarbans,West Bengal,10000,4.7,6:00 AM - 6:00 PM,2,5,2,0,A national park and UNESCO World Heritage site.
Kolkata Tram,Kolkata,West Bengal,9000,4.8,6:00 AM - 10:00 PM,3,2,4,0,A historic tram system in Kolkata.
Ganga Sagar,Ganga Sagar,West Bengal,8000,4.7,6:00 AM - 10:00 PM,2,5,2,5,A pilgrimage site located on an island in the Ganges delta.
Raj Bhavan,Kolkata,West Bengal,7000,4.8,10:00 AM - 5:00 PM,5,2,2,0,A historic building and official residence of the Governor of West Bengal.
Jaldapara National Park,Alipurduar,West Bengal,6000,4.7,6:00 AM - 6:00 PM,2,5,2,0,A national park and wildlife sanctuary located in Alipurduar.

Calangute Beach,Calangute,Goa,3000000,4.8,24 hours,2,5,4,5,A popular beach destination known for its nightlife and water sports.
Baga Beach,Baga,Goa,2500000,4.7,24 hours,2,5,4,5,A popular beach destination known for its vibrant nightlife.
Anjuna Beach,Anjuna,Goa,2200000,4.6,24 hours,2,5,4,5,A popular beach destination known for its flea markets and nightlife.
Colva Beach,Colva,Goa,2000000,4.7,24 hours,2,5,4,5,A popular beach destination known for its white sands and nightlife.
Palolem Beach,Palolem,Goa,1800000,4.8,24 hours,2,5,4,5,A popular beach destination known for its scenic beauty and tranquility.
Basilica of Bom Jesus,Old Goa,Goa,1600000,4.9,9:00 AM - 6:30 PM,5,2,2,0,A historic church and UNESCO World Heritage site in Old Goa.
Se Cathedral,Old Goa,Goa,1500000,4.8,7:30 AM - 6:00 PM,5,2,2,0,A historic cathedral and UNESCO World Heritage site in Old Goa.
Fort Aguada,Sinquerim,Goa,1400000,4.7,9:00 AM - 5:30 PM,5,2,3,0,A historic fort located on Sinquerim Beach.
Dudhsagar Falls,Sonaulim,Goa,1300000,4.8,24 hours,3,5,2,0,A scenic waterfall located on the Mandovi River.
Chapora Fort,Bardez,Goa,1200000,4.7,9:00 AM - 5:30 PM,5,2,3,0,A historic fort located in Bardez.
Vagator Beach,Vagator,Goa,1100000,4.8,24 hours,2,5,4,5,A popular beach destination known for its scenic beauty.
Miramar Beach,Panaji,Goa,1000000,4.7,24 hours,2,5,4,5,A popular beach destination located near Panaji.
Morjim Beach,Morjim,Goa,900000,4.6,24 hours,2,5,4,5,A popular beach destination known for its scenic beauty and tranquility.
Candolim Beach,Candolim,Goa,800000,4.8,24 hours,2,5,4,5,A popular beach destination known for its nightlife and water sports.
Arambol Beach,Arambol,Goa,700000,4.7,24 hours,2,5,4,5,A popular beach destination known for its scenic beauty and tranquility.
Shri Manguesh Temple,Mangeshi,Goa,600000,4.8,6:00 AM - 10:00 PM,5,2,2,0,A historic Hindu temple located in Mangeshi.
Tambdi Surla,Sanguem,Goa,500000,4.7,6:00 AM - 8:00 PM,5,2,2,0,A historic Hindu temple located in Sanguem.
Butterfly Beach,Canacona,Goa,400000,4.8,24 hours,2,5,4,5,A secluded beach known for its scenic beauty and tranquility.
Goa State Museum,Panaji,Goa,300000,4.7,9:30 AM - 5:30 PM,4,2,2,0,A museum located in Panaji.
Reis Magos Fort,Bardez,Goa,200000,4.6,9:30 AM - 5:00 PM,5,2,3,0,A historic fort located on the northern bank of the Mandovi River.
Dona Paula,Panaji,Goa,150000,4.8,24 hours,2,5,4,5,A scenic coastal village located near Panaji.
Benaulim Beach,Benaulim,Goa,100000,4.7,24 hours,2,5,4,5,A popular beach destination known for its white sands and tranquility.
Sinquerim Beach,Sinquerim,Goa,90000,4.6,24 hours,2,5,4,5,A popular beach destination known for its water sports.
Salim Ali Bird Sanctuary,Chorao,Goa,80000,4.8,6:00 AM - 6:00 PM,3,5,2,0,A bird sanctuary located on the Chorao Island.
Shantadurga Temple,Ponda,Goa,70000,4.7,5:30 AM - 9:30 PM,5,2,2,0,A historic Hindu temple located in Ponda.
Cabo de Rama Fort,Canacona,Goa,60000,4.6,24 hours,5,2,3,0,A historic fort located in Canacona.
St. Cajetan Church,Old Goa,Goa,50000,4.8,8:00 AM - 6:00 PM,5,2,2,0,A historic church located in Old Goa.
Fontainhas,Panaji,Goa,40000,4.7,24 hours,5,2,2,0,A historic Latin Quarter in Panaji.
Betalbatim Beach,Betalbatim,Goa,30000,4.6,24 hours,2,5,4,5,A popular beach destination known for its tranquility.
Divar Island,Divar,Goa,20000,4.8,24 hours,3,5,2,0,A scenic island located in the Mandovi River.

Kaziranga National Park,Kaziranga,Assam,1200000,4.8,6:00 AM - 6:00 PM,2,5,2,0,A UNESCO World Heritage site and famous wildlife sanctuary.
Kamakhya Temple,Guwahati,Assam,1100000,4.7,"5:00 AM - 1:00 PM, 2:30 PM - 10:00 PM",5,2,2,0,A famous Hindu temple dedicated to Goddess Kamakhya.
Majuli Island,Majuli,Assam,1000000,4.6,24 hours,2,5,3,0,The world's largest river island.
Manas National Park,Barpeta,Assam,900000,4.7,6:00 AM - 6:00 PM,2,5,2,0,A UNESCO World Heritage site and national park.
Sivasagar,Sivasagar,Assam,800000,4.8,24 hours,5,2,2,0,A historic town known for its Ahom palaces and monuments.
Pobitora Wildlife Sanctuary,Pobitora,Assam,700000,4.7,7:00 AM - 5:00 PM,2,5,2,0,A wildlife sanctuary known for its population of Indian rhinoceros.
Hajo,Hajo,Assam,600000,4.6,5:00 AM - 8:00 PM,5,2,2,0,A historic town known for its temples and mosques.
Orang National Park,Orang,Assam,500000,4.8,6:00 AM - 6:00 PM,2,5,2,0,A national park known for its population of Indian rhinoceros.
Dibru-Saikhowa National Park,Tinsukia,Assam,400000,4.7,6:00 AM - 6:00 PM,2,5,2,0,A national park known for its rich biodiversity.
Tocklai Tea Research Centre,Jorhat,Assam,300000,4.6,8:00 AM - 5:00 PM,4,3,2,0,A tea research institute located in Jorhat.
Diphu,Diphu,Assam,200000,4.8,24 hours,2,5,2,0,A town known for its scenic beauty.
Bhalukpong,Bhalukpong,Assam,150000,4.7,24 hours,2,5,2,0,A town located on the Assam-Arunachal Pradesh border.
Panimoor Falls,Karbi Anglong,Assam,100000,4.6,6:00 AM - 6:00 PM,2,5,2,0,A scenic waterfall located in the Karbi Anglong district.
Tezpur,Tezpur,Assam,90000,4.8,24 hours,4,3,2,0,A historic city located on the banks of the Brahmaputra River.
Sualkuchi,Sualkuchi,Assam,80000,4.7,24 hours,5,2,2,0,A town known for its silk industry.
Nameri National Park,Nameri,Assam,70000,4.8,5:00 AM - 7:00 PM,2,5,2,0,A national park known for its population of Indian rhinoceros.
Umananda Temple,Guwahati,Assam,60000,4.7,6:00 AM - 7:00 PM,5,2,2,0,A famous Hindu temple located on Peacock Island.
Jorhat,Jorhat,Assam,50000,4.8,24 hours,4,3,2,0,A city known for its tea industry.
Silchar,Silchar,Assam,40000,4.7,24 hours,4,3,2,0,A city located in the Barak Valley.
Dispur,Dispur,Assam,30000,4.6,24 hours,4,2,2,0,The capital city of Assam.
Dibrugarh,Dibrugarh,Assam,20000,4.8,24 hours,4,3,2,0,A city known for its tea industry.
Digboi,Digboi,Assam,15000,4.7,24 hours,5,3,2,0,A town known for its oil refinery.
Barpeta,Barpeta,Assam,10000,4.6,24 hours,5,2,2,0,A town known for its Vaishnavite culture.
Haflong,Haflong,Assam,9000,4.8,24 hours,2,5,2,0,A town known for its scenic beauty.
Chandubi Lake,Kamrup,Assam,8000,4.7,24 hours,2,5,2,0,A lake located on the outskirts of Guwahati.
Karimganj,Karimganj,Assam,7000,4.6,24 hours,4,3,2,0,A town located on the banks of the Kushiyara River.
Goalpara,Goalpara,Assam,6000,4.8,24 hours,4,3,2,0,A town located on the banks of the Brahmaputra River.
Morigaon,Morigaon,Assam,5000,4.7,24 hours,4,3,2,0,A town located in the Morigaon district.
North Cachar Hills,Dima Hasao,Assam,4000,4.6,24 hours,4,3,2,0,A district known for its scenic beauty.
Hailakandi,Hailakandi,Assam,3000,4.8,24 hours,4,3,2,0,A town located in the Barak Valley.

Phawngpui National Park,Phawngpui,Mizoram,300000,4.8,6:00 AM - 6:00 PM,2,5,2,0,A national park known for its rich biodiversity.
Vantawng Falls,Serchhip,Mizoram,250000,4.7,6:00 AM - 6:00 PM,2,5,2,0,A scenic waterfall located in the Serchhip district.
Serchhip,Serchhip,Mizoram,200000,4.6,24 hours,2,5,2,0,A town located in the Serchhip district.
Aizawl,Aizawl,Mizoram,180000,4.7,24 hours,2,5,2,0,The capital city of Mizoram.
Champhai,Champhai,Mizoram,160000,4.8,24 hours,2,5,2,0,A town located in the Champhai district.
Reiek,Aizawl,Mizoram,140000,4.7,24 hours,2,5,2,0,A scenic hill located in the Aizawl district.
Mamit,Mamit,Mizoram,120000,4.6,24 hours,2,5,2,0,A town located in the Mamit district.
Lunglei,Lunglei,Mizoram,100000,4.8,24 hours,2,5,2,0,A town located in the Lunglei district.
Hmuifang,Aizawl,Mizoram,90000,4.7,24 hours,2,5,2,0,A scenic hill located in the Aizawl district.
Tamdil Lake,Aizawl,Mizoram,80000,4.6,24 hours,2,5,2,0,A lake located in the Aizawl district.
Baktawng Village,Aizawl,Mizoram,70000,4.8,24 hours,2,5,2,0,A village known for its largest family.
Dampa Tiger Reserve,Mamit,Mizoram,60000,4.7,6:00 AM - 6:00 PM,2,5,2,0,A tiger reserve located in the Mamit district.
Thenzawl Deer Park,Thenzawl,Mizoram,50000,4.6,6:00 AM - 6:00 PM,2,5,2,0,A deer park located in the Thenzawl town.
Falkawn Village,Aizawl,Mizoram,40000,4.8,24 hours,2,5,2,0,A village located in the Aizawl district.
Hnahlan,Champhai,Mizoram,30000,4.7,24 hours,2,5,2,0,A village located in the Champhai district.
Zokhawthar,Champhai,Mizoram,20000,4.6,24 hours,2,5,2,0,A village located on the Indo-Myanmar border.
Bungtlang,Lunglei,Mizoram,15000,4.8,24 hours,2,5,2,0,A village located in the Lunglei district.
Saiha,Saiha,Mizoram,10000,4.7,24 hours,2,5,2,0,A town located in the Saiha district.
Khawnglung Wildlife Sanctuary,Lunglei,Mizoram,9000,4.6,6:00 AM - 6:00 PM,2,5,2,0,A wildlife sanctuary located in the Lunglei district.
Murlen National Park,Champhai,Mizoram,8000,4.8,6:00 AM - 6:00 PM,2,5,2,0,A national park located in the Champhai district.
Palak Dil,Saiha,Mizoram,7000,4.7,24 hours,2,5,2,0,A lake located in the Saiha district.
Tlangnuam,Aizawl,Mizoram,6000,4.6,24 hours,2,5,2,0,A village located in the Aizawl district.
Durtlang Hills,Aizawl,Mizoram,5000,4.8,24 hours,2,5,2,0,A hill located in the Aizawl district.
Sibuta Lung,Aizawl,Mizoram,4000,4.7,24 hours,2,5,2,0,A historic stone monument located in the Aizawl district.
Biate,Serchhip,Mizoram,3000,4.6,24 hours,2,5,2,0,A village located in the Serchhip district.
Khawbung,Champhai,Mizoram,2000,4.8,24 hours,2,5,2,0,A village located in the Champhai district.
Sialsuk,Serchhip,Mizoram,1500,4.7,24 hours,2,5,2,0,A village located in the Serchhip district.
Thenzawl,Aizawl,Mizoram,1000,4.6,24 hours,2,5,2,0,A town located in the Aizawl district.
Saitual,Lawngtlai,Mizoram,900,4.8,24 hours,2,5,2,0,A village located in the Lawngtlai district.
Zorinpui,Aizawl,Mizoram,800,4.7,24 hours,2,5,2,0,A town located in the Aizawl district.

Khajuraho Temples,Khajuraho,Madhya Pradesh,1500000,4.9,6:00 AM - 6:00 PM,5,2,2,0,Famous for its stunning temples with intricate sculptures.
Bandhavgarh National Park,Bandhavgarh,Madhya Pradesh,1400000,4.8,6:00 AM - 6:00 PM,2,5,2,0,A national park known for its tiger population.
Kanha National Park,Kanha,Madhya Pradesh,1300000,4.7,6:00 AM - 6:00 PM,2,5,2,0,A national park known for its wildlife diversity.
Sanchi Stupa,Sanchi,Madhya Pradesh,1200000,4.8,6:00 AM - 6:00 PM,5,2,2,0,A UNESCO World Heritage site and Buddhist complex.
Bhedaghat,Jabalpur,Madhya Pradesh,1100000,4.7,24 hours,2,5,2,0,Known for the marble rocks and Dhuandhar Falls.
Bhimbetka Rock Shelters,Bhimbetka,Madhya Pradesh,1000000,4.9,6:00 AM - 6:00 PM,5,2,2,0,A UNESCO World Heritage site with prehistoric rock shelters.
Gwalior Fort,Gwalior,Madhya Pradesh,900000,4.8,6:00 AM - 6:00 PM,5,2,2,0,A historic fort known for its architecture.
Orchha,Orchha,Madhya Pradesh,800000,4.7,24 hours,5,2,2,0,A historic town with palaces and temples.
Pachmarhi,Pachmarhi,Madhya Pradesh,700000,4.6,24 hours,2,5,2,0,A hill station known for its natural beauty.
Ujjain,Ujjain,Madhya Pradesh,600000,4.8,24 hours,5,2,2,0,A city known for the Mahakaleshwar Temple.
Omkareshwar,Omkareshwar,Madhya Pradesh,500000,4.7,24 hours,5,2,2,0,A sacred island known for the Omkareshwar Temple.
Mandu,Mandu,Madhya Pradesh,400000,4.8,24 hours,5,2,2,0,A historic town with palaces and monuments.
Jabalpur,Jabalpur,Madhya Pradesh,300000,4.7,24 hours,4,3,2,0,A city known for the Marble Rocks and Madan Mahal Fort.
Maheshwar,Maheshwar,Madhya Pradesh,200000,4.6,24 hours,4,2,2,0,A town known for its ghats and temples.
Panna National Park,Panna,Madhya Pradesh,100000,4.8,6:00 AM - 6:00 PM,2,5,2,0,A national park known for its tiger population.
Satpura National Park,Satpura,Madhya Pradesh,90000,4.7,6:00 AM - 6:00 PM,2,5,2,0,A national park known for its wildlife diversity.
Chitrakoot,Chitrakoot,Madhya Pradesh,80000,4.8,24 hours,5,2,2,0,A town known for its religious significance.
Pench National Park,Pench,Madhya Pradesh,70000,4.7,6:00 AM - 6:00 PM,2,5,2,0,A national park known for its wildlife diversity.
Jai Vilas Palace,Gwalior,Madhya Pradesh,60000,4.8,6:00 AM - 6:00 PM,5,2,2,0,A historic palace known for its architecture.
Shivpuri,Shivpuri,Madhya Pradesh,50000,4.6,24 hours,2,2,2,0,A town known for its natural beauty.
Bhojpur,Bhojpur,Madhya Pradesh,40000,4.7,24 hours,5,2,2,0,A town known for the Bhojeshwar Temple.
Chanderi,Chanderi,Madhya Pradesh,30000,4.8,24 hours,5,2,2,0,A historic town known for its monuments.
Indore,Indore,Madhya Pradesh,20000,4.7,24 hours,3,3,2,0,The largest city and commercial capital of Madhya Pradesh.
Bhopal,Bhopal,Madhya Pradesh,15000,4.6,24 hours,3,3,2,0,The capital city of Madhya Pradesh.
Rewa,Rewa,Madhya Pradesh,10000,4.8,24 hours,3,3,2,0,A city known for its waterfalls and white tigers.
Hanuwantiya,Hanuwantiya,Madhya Pradesh,9000,4.7,24 hours,2,5,3,0,A popular destination for water sports.
Madhav National Park,Shivpuri,Madhya Pradesh,8000,4.6,6:00 AM - 6:00 PM,2,5,3,0,A national park known for its wildlife diversity.
Raisen Fort,Raisen,Madhya Pradesh,7000,4.8,24 hours,5,2,2,0,A historic fort located on a hill.
Tawa Reservoir,Hoshangabad,Madhya Pradesh,6000,4.7,24 hours,2,5,2,0,A reservoir known for its scenic beauty.
Ralamandal Wildlife Sanctuary,Indore,Madhya Pradesh,5000,4.6,6:00 AM - 6:00 PM,2,5,2,0,A wildlife sanctuary known for its rich biodiversity.

Betla National Park,Betla,Jharkhand,400000,4.8,6:00 AM - 6:00 PM,2,5,2,0,A national park known for its wildlife diversity.
Dassam Falls,Ranchi,Jharkhand,350000,4.7,6:00 AM - 6:00 PM,2,5,2,0,A scenic waterfall located near Ranchi.
Hazaribagh Wildlife Sanctuary,Hazaribagh,Jharkhand,300000,4.6,6:00 AM - 6:00 PM,2,5,2,0,A wildlife sanctuary known for its rich biodiversity.
Jonha Falls,Ranchi,Jharkhand,250000,4.7,6:00 AM - 6:00 PM,2,5,2,0,A scenic waterfall located near Ranchi.
Netarhat,Netarhat,Jharkhand,200000,4.8,24 hours,2,5,2,0,A hill station known for its natural beauty.
Ranchi Hill,Ranchi,Jharkhand,150000,4.7,24 hours,2,5,2,0,A hill located in the capital city of Ranchi.
Hundru Falls,Ranchi,Jharkhand,100000,4.6,6:00 AM - 6:00 PM,2,5,2,0,A scenic waterfall located near Ranchi.
Maithon Dam,Maithon,Jharkhand,90000,4.8,24 hours,2,5,2,0,A dam located on the Barakar River.
Deoghar,Deoghar,Jharkhand,80000,4.7,24 hours,2,5,2,0,A town known for the Baidyanath Temple.
Jubilee Park,Jamshedpur,Jharkhand,70000,4.6,24 hours,2,5,2,0,A park located in the city of Jamshedpur.
"Jagannath Temple, Ranchi",Ranchi,Jharkhand,60000,4.8,6:00 AM - 6:00 PM,2,5,2,0,A temple located in the city of Ranchi.
Pahari Mandir,Ranchi,Jharkhand,50000,4.7,6:00 AM - 6:00 PM,2,5,2,0,A temple located on a hill in Ranchi.
Baidyanath Temple,Deoghar,Jharkhand,40000,4.6,6:00 AM - 6:00 PM,2,5,2,0,A temple located in the town of Deoghar.
Parasnath,Parasnath,Jharkhand,30000,4.8,24 hours,2,5,2,0,A mountain peak located in the Parasnath Hills.
Dimna Lake,Jamshedpur,Jharkhand,20000,4.7,24 hours,2,5,2,0,A lake located near the city of Jamshedpur.
Patratu Valley,Patratu,Jharkhand,15000,4.6,24 hours,2,5,2,0,A valley located near the town of Patratu.
Topchanchi Lake,Dhanbad,Jharkhand,10000,4.8,24 hours,2,5,2,0,A lake located in the Dhanbad district.
Bhuvaneshwari Temple,Ranchi,Jharkhand,9000,4.7,6:00 AM - 6:00 PM,2,5,2,0,A temple located in the city of Ranchi.
Naulakha Mandir,Deoghar,Jharkhand,8000,4.6,6:00 AM - 6:00 PM,2,5,2,0,A temple located in the town of Deoghar.
Chandil Dam,Chandil,Jharkhand,7000,4.8,24 hours,2,5,2,0,A dam located on the Subarnarekha River.
Birsa Zoological Park,Ranchi,Jharkhand,6000,4.7,24 hours,2,5,2,0,A zoological park located in Ranchi.
Madhuban,Madhuban,Jharkhand,5000,4.6,24 hours,2,5,2,0,A town known for its Jain temples.
Sun Temple,Ranchi,Jharkhand,4000,4.8,6:00 AM - 6:00 PM,2,5,2,0,A temple located in the city of Ranchi.
Lodh Falls,Latehar,Jharkhand,3000,4.7,6:00 AM - 6:00 PM,2,5,2,0,A scenic waterfall located in the Latehar district.
Rajrappa,Rajrappa,Jharkhand,2000,4.6,24 hours,2,5,2,0,A temple located in the town of Rajrappa.
Chandrapura Dam,Chandrapura,Jharkhand,1500,4.8,24 hours,2,5,2,0,A dam located on the Damodar River.
Usri Falls,Giridih,Jharkhand,1000,4.7,6:00 AM - 6:00 PM,2,5,2,0,A scenic waterfall located in the Giridih district.
Jamshedpur,Jamshedpur,Jharkhand,900,4.6,24 hours,2,5,2,0,A city known for its steel industry.
Panchet Dam,Panchet,Jharkhand,800,4.8,24 hours,2,5,2,0,A dam located on the Damodar River.
Maluti Temples,Maluti,Jharkhand,700,4.7,6:00 AM - 6:00 PM,2,5,2,0,A group of ancient temples located in the Dumka district.

Jagannath Temple,Puri,Odisha,800000,4.9,6:00 AM - 9:00 PM,5,2,2,0,A famous Hindu temple dedicated to Lord Jagannath.
Konark Sun Temple,Konark,Odisha,750000,4.8,6:00 AM - 8:00 PM,5,2,2,0,A UNESCO World Heritage site known for its stunning architecture.
Puri Beach,Puri,Odisha,700000,4.7,24 hours,2,5,2,5,A popular beach destination in Puri.
Chilika Lake,Puri,Odisha,650000,4.8,24 hours,2,5,2,0,A brackish water lagoon known for its biodiversity.
Nandankanan Zoological Park,Bhubaneswar,Odisha,600000,4.7,7:30 AM - 5:30 PM,2,5,2,0,A zoological park and botanical garden.
Lingaraja Temple,Bhubaneswar,Odisha,550000,4.9,5:00 AM - 9:30 PM,5,2,2,0,A Hindu temple dedicated to Lord Shiva.
Udayagiri and Khandagiri Caves,Bhubaneswar,Odisha,500000,4.8,9:00 AM - 6:00 PM,5,2,2,0,Ancient caves with historical significance.
Simlipal National Park,Mayurbhanj,Odisha,450000,4.7,6:00 AM - 6:00 PM,2,5,2,0,A national park known for its tiger population.
Dhauli Hill,Bhubaneswar,Odisha,400000,4.6,6:00 AM - 6:00 PM,5,2,2,0,A hill with historical and religious significance.
Raghurajpur Artist Village,Puri,Odisha,350000,4.8,8:00 AM - 8:00 PM,5,2,2,0,A village known for its traditional art and culture.
Bhitarkanika National Park,Kendrapara,Odisha,300000,4.7,6:00 AM - 6:00 PM,2,5,2,0,A national park known for its mangrove forests.
Hirakud Dam,Sambalpur,Odisha,250000,4.8,6:00 AM - 6:00 PM,2,5,2,0,A dam located on the Mahanadi River.
Chandipur Beach,Balasore,Odisha,200000,4.7,24 hours,2,5,2,5,A beach known for its unique disappearing water.
Barabati Fort,Cuttack,Odisha,150000,4.6,6:00 AM - 6:00 PM,5,2,2,0,A historic fort located in Cuttack.
Satkosia Tiger Reserve,Angul,Odisha,100000,4.8,6:00 AM - 6:00 PM,2,5,2,0,A tiger reserve known for its rich biodiversity.
Brahmapur,Brahmapur,Odisha,90000,4.7,24 hours,2,2,2,0,A city known for its temples and cultural heritage.
Khandadhar Waterfall,Sundargarh,Odisha,80000,4.8,6:00 AM - 6:00 PM,2,5,2,0,A scenic waterfall located in the Sundargarh district.
Paradip Port,Jagatsinghpur,Odisha,70000,4.7,24 hours,2,2,2,0,A major port on the east coast of India.
Mukteshwar Temple,Bhubaneswar,Odisha,60000,4.8,6:00 AM - 9:00 PM,5,2,2,0,A Hindu temple known for its architecture.
Chandaka Elephant Sanctuary,Bhubaneswar,Odisha,50000,4.6,6:00 AM - 6:00 PM,2,5,2,0,An elephant sanctuary located near Bhubaneswar.
Tikarpada Wildlife Sanctuary,Angul,Odisha,40000,4.7,6:00 AM - 6:00 PM,2,5,2,0,A wildlife sanctuary known for its crocodile population.
Biraja Temple,Jajpur,Odisha,30000,4.8,6:00 AM - 6:00 PM,5,2,2,0,A Hindu temple located in the Jajpur district.
Gopalpur Beach,Ganjam,Odisha,20000,4.7,24 hours,2,5,2,5,A beach known for its scenic beauty.
Maa Tarini Temple,Keonjhar,Odisha,15000,4.6,6:00 AM - 6:00 PM,5,2,2,0,A temple dedicated to Maa Tarini.
Harishankar Temple,Balangir,Odisha,10000,4.8,6:00 AM - 6:00 PM,5,2,2,0,A temple located in the Balangir district.
Lalitgiri,Cuttack,Odisha,9000,4.7,6:00 AM - 6:00 PM,5,2,2,0,An ancient Buddhist site with stupas and monasteries.
Kapilash Temple,Dhenkanal,Odisha,8000,4.6,6:00 AM - 6:00 PM,5,2,2,0,A temple located in the Dhenkanal district.
Taptapani,Ganjam,Odisha,7000,4.8,24 hours,2,5,2,0,A hot spring located in the Ganjam district.
Cuttack Chandi Temple,Cuttack,Odisha,6000,4.7,6:00 AM - 6:00 PM,5,2,2,0,A temple located in the city of Cuttack.
Daringbadi,Kandhamal,Odisha,5000,4.6,24 hours,2,5,2,0,A hill station known for its natural beauty.

Nainital,Nainital,Uttarakhand,1000000,4.9,6:00 AM - 6:00 PM,2,5,2,0,A popular hill station known for its scenic beauty and lakes.
Mussoorie,Mussoorie,Uttarakhand,900000,4.8,6:00 AM - 6:00 PM,2,5,2,0,A hill station known for its pleasant weather and beautiful landscapes.
Haridwar,Haridwar,Uttarakhand,800000,4.7,24 hours,5,2,2,0,A sacred city known for its ghats and the Ganga Aarti.
Rishikesh,Rishikesh,Uttarakhand,700000,4.8,24 hours,5,2,2,0,A city known as the 'Yoga Capital of the World'.
Jim Corbett National Park,Jim Corbett,Uttarakhand,600000,4.7,6:00 AM - 6:00 PM,2,5,2,0,A national park known for its tiger population.
Badrinath Temple,Badrinath,Uttarakhand,500000,4.9,5:00 AM - 9:00 PM,5,2,2,0,A Hindu temple dedicated to Lord Vishnu.
Kedarnath Temple,Kedarnath,Uttarakhand,400000,4.8,5:00 AM - 9:00 PM,5,2,2,0,A Hindu temple dedicated to Lord Shiva.
Valley of Flowers,Valley of Flowers,Uttarakhand,300000,4.7,6:00 AM - 6:00 PM,2,5,2,0,A UNESCO World Heritage site known for its alpine flowers.
Auli,Auli,Uttarakhand,200000,4.6,24 hours,2,5,2,0,A popular skiing destination.
Dehradun,Dehradun,Uttarakhand,150000,4.8,24 hours,2,5,2,0,The capital city of Uttarakhand.
Chopta,Chopta,Uttarakhand,100000,4.7,24 hours,2,5,2,0,A picturesque village known for its trekking trails.
Almora,Almora,Uttarakhand,90000,4.8,24 hours,2,5,2,0,A hill station known for its cultural heritage.
Ranikhet,Ranikhet,Uttarakhand,80000,4.7,24 hours,2,5,2,0,A hill station known for its golf courses and orchards.
Bageshwar,Bageshwar,Uttarakhand,70000,4.6,24 hours,2,5,2,0,A town known for its temples and cultural heritage.
Mukteshwar,Mukteshwar,Uttarakhand,60000,4.8,24 hours,2,5,2,0,A town known for its scenic beauty and orchards.
Lansdowne,Lansdowne,Uttarakhand,50000,4.7,24 hours,2,5,2,0,A hill station known for its serene environment.
Dhanaulti,Dhanaulti,Uttarakhand,40000,4.8,24 hours,2,5,2,0,A hill station known for its quiet environment and natural beauty.
Kausani,Kausani,Uttarakhand,30000,4.7,24 hours,2,5,2,0,A hill station known for its scenic beauty and tea gardens.
Gangotri,Gangotri,Uttarakhand,20000,4.8,6:00 AM - 6:00 PM,5,2,2,0,A town known for its religious significance.
Yamunotri,Yamunotri,Uttarakhand,15000,4.6,6:00 AM - 6:00 PM,5,2,2,0,A town known for its temple dedicated to Goddess Yamuna.
Pithoragarh,Pithoragarh,Uttarakhand,10000,4.7,24 hours,2,5,2,0,A town known for its scenic beauty and cultural heritage.
Tehri Dam,Tehri,Uttarakhand,9000,4.8,24 hours,2,5,2,0,A dam known for its scenic beauty and water sports.
Bhimtal,Bhimtal,Uttarakhand,8000,4.7,24 hours,2,5,2,0,A town known for its lakes and natural beauty.
Naukuchiatal,Naukuchiatal,Uttarakhand,7000,4.6,24 hours,2,5,2,0,A town known for its lake and natural beauty.
Jageshwar,Jageshwar,Uttarakhand,6000,4.8,6:00 AM - 6:00 PM,5,5,2,0,A town known for its ancient temples.
Binsar,Binsar,Uttarakhand,5000,4.7,24 hours,2,5,2,0,A town known for its wildlife sanctuary.
Hemkund Sahib,Hemkund,Uttarakhand,4000,4.6,6:00 AM - 6:00 PM,5,5,2,0,A town known for its Sikh pilgrimage site.
Guptakashi,Guptakashi,Uttarakhand,3000,4.8,24 hours,2,5,2,0,A town known for its temples and natural beauty.
Pangot,Pangot,Uttarakhand,2000,4.7,24 hours,2,5,2,0,A town known for its bird watching spots.
Sattal,Sattal,Uttarakhand,1000,4.6,24 hours,2,5,2,0,A town known for its seven interconnected lakes.

Chitrakote Falls,Jagdalpur,Chhattisgarh,900000,4.9,6:00 AM - 6:00 PM,2,5,2,0,A scenic waterfall located in Bastar.
Barnawapara Wildlife Sanctuary,Mahasamund,Chhattisgarh,800000,4.8,6:00 AM - 6:00 PM,2,5,2,0,A wildlife sanctuary known for its rich biodiversity.
Kanger Valley National Park,Jagdalpur,Chhattisgarh,700000,4.7,6:00 AM - 6:00 PM,2,5,2,0,A national park known for its wildlife and caves.
Bhoramdeo Temple,Kawardha,Chhattisgarh,600000,4.8,6:00 AM - 6:00 PM,5,2,2,0,A temple complex known for its architecture.
Rajim,Rajim,Chhattisgarh,500000,4.7,24 hours,5,2,2,0,A town known for its religious significance.
Bastar Palace,Jagdalpur,Chhattisgarh,400000,4.9,6:00 AM - 6:00 PM,5,2,2,0,A palace known for its architecture and history.
Mahant Ghasidas Memorial Museum,Raipur,Chhattisgarh,300000,4.8,9:00 AM - 6:00 PM,5,2,2,0,A museum showcasing the history of Chhattisgarh.
Dandak Caves,Dantewada,Chhattisgarh,200000,4.7,6:00 AM - 6:00 PM,2,5,2,0,A cave known for its natural beauty and formations.
Sirpur,Mahasamund,Chhattisgarh,150000,4.6,24 hours,5,2,2,0,A town known for its historical significance.
Sitanadi Wildlife Sanctuary,Dhamtari,Chhattisgarh,100000,4.8,6:00 AM - 6:00 PM,2,5,2,0,A wildlife sanctuary known for its rich biodiversity.
Gadiya Mountain,Kanker,Chhattisgarh,90000,4.7,24 hours,2,5,2,0,A mountain known for its scenic beauty.
Dongargarh,Dongargarh,Chhattisgarh,80000,4.8,24 hours,5,2,2,0,A town known for its temples and religious significance.
Raipur,Raipur,Chhattisgarh,70000,4.7,24 hours,2,2,2,0,The capital city of Chhattisgarh.
Dhamtari,Dhamtari,Chhattisgarh,60000,4.6,24 hours,2,2,2,0,A town known for its scenic beauty and temples.
Bilaspur,Bilaspur,Chhattisgarh,50000,4.8,24 hours,2,2,2,0,A city known for its cultural heritage.
Tirathgarh Falls,Jagdalpur,Chhattisgarh,40000,4.7,6:00 AM - 6:00 PM,2,5,2,0,A scenic waterfall located in Bastar.
Maitri Bagh,Bhilai,Chhattisgarh,30000,4.8,24 hours,2,2,2,0,A zoo and botanical garden located in Bhilai.
Indravati National Park,Dantewada,Chhattisgarh,20000,4.7,6:00 AM - 6:00 PM,2,5,2,0,A national park known for its wildlife.
Kailash Caves,Jagdalpur,Chhattisgarh,15000,4.8,6:00 AM - 6:00 PM,2,5,2,0,A cave known for its natural beauty and formations.
Narayanpur,Narayanpur,Chhattisgarh,10000,4.6,24 hours,2,2,2,0,A town known for its cultural heritage.
Kawardha,Kawardha,Chhattisgarh,9000,4.7,24 hours,2,5,2,0,A town known for its temples and cultural heritage.
Amritdhara Waterfall,Koriya,Chhattisgarh,8000,4.8,24 hours,2,5,2,0,A scenic waterfall located in Koriya.
Ratanpur,Ratanpur,Chhattisgarh,7000,4.7,24 hours,5,2,2,0,A town known for its temples and cultural heritage.
Mainpat,Mainpat,Chhattisgarh,6000,4.6,24 hours,2,5,2,0,A hill station known for its natural beauty.
Sarguja,Ambikapur,Chhattisgarh,5000,4.8,24 hours,2,5,2,0,A town known for its temples and cultural heritage.
Khutaghat Dam,Bilaspur,Chhattisgarh,4000,4.7,24 hours,2,5,2,0,A dam known for its scenic beauty.
Kunkuri,Jashpur,Chhattisgarh,3000,4.6,24 hours,2,2,2,0,A town known for its cultural heritage.
Chaiturgarh,Bilaspur,Chhattisgarh,2000,4.8,6:00 AM - 6:00 PM,5,2,2,0,A fort known for its historical significance.
Rudra Shiva Statue,Raipur,Chhattisgarh,1000,4.7,24 hours,2,5,2,0,A statue known for its religious significance.
Rajpuri Waterfall,Jashpur,Chhattisgarh,900,4.6,24 hours,2,5,2,0,A scenic waterfall located in Jashpur.

Mahabodhi Temple,Bodh Gaya,Bihar,1000000,4.9,6:00 AM - 6:00 PM,5,2,2,0,A UNESCO World Heritage site and a major pilgrimage site for Buddhists.
Nalanda University,Nalanda,Bihar,900000,4.8,6:00 AM - 6:00 PM,5,2,2,0,An ancient center of learning and a UNESCO World Heritage site.
Vikramshila Ruins,Bhagalpur,Bihar,800000,4.7,6:00 AM - 6:00 PM,5,2,2,0,The ruins of an ancient university.
Bodh Gaya,Bodh Gaya,Bihar,700000,4.8,24 hours,5,2,2,0,A town known for its association with Lord Buddha.
Rajgir,Rajgir,Bihar,600000,4.7,24 hours,5,2,2,0,A town known for its historical and religious significance.
Vaishali,Vaishali,Bihar,500000,4.9,24 hours,5,2,2,0,An ancient city known for its association with Lord Buddha.
Patna Sahib,Patna,Bihar,400000,4.8,5:00 AM - 9:00 PM,5,2,2,0,A Sikh pilgrimage site and one of the holiest Takhts.
Bihar Museum,Patna,Bihar,300000,4.7,9:00 AM - 6:00 PM,2,2,2,0,A museum showcasing the history and culture of Bihar.
Navlakha Palace,Rajnagar,Bihar,200000,4.6,24 hours,5,2,2,0,A palace known for its architecture and history.
Jal Mandir,Pawapuri,Bihar,150000,4.8,6:00 AM - 6:00 PM,5,2,2,0,A Jain temple located in Pawapuri.
Sanjay Gandhi Jaivik Udyan,Patna,Bihar,100000,4.7,9:00 AM - 6:00 PM,2,5,2,0,A zoo and botanical garden located in Patna.
Sher Shah Suri Tomb,Sasaram,Bihar,90000,4.8,6:00 AM - 6:00 PM,5,2,2,0,A tomb built in memory of Sher Shah Suri.
Barabar Caves,Jehanabad,Bihar,80000,4.7,6:00 AM - 6:00 PM,5,2,2,0,Ancient rock-cut caves dating back to the Mauryan period.
Kesaria Stupa,Kesaria,Bihar,70000,4.6,6:00 AM - 6:00 PM,5,2,2,0,An ancient stupa located in Kesaria.
Kanwar Lake Bird Sanctuary,Begusarai,Bihar,60000,4.8,6:00 AM - 6:00 PM,2,5,2,0,A bird sanctuary located in Begusarai.
Patna Planetarium,Patna,Bihar,50000,4.7,9:00 AM - 6:00 PM,2,2,2,0,A planetarium located in Patna.
Munger Fort,Munger,Bihar,40000,4.8,24 hours,5,2,2,0,A fort located in the town of Munger.
Takht Sri Patna Sahib,Patna,Bihar,30000,4.7,5:00 AM - 9:00 PM,5,2,2,0,A Sikh pilgrimage site located in Patna.
Maner Sharif,Patna,Bihar,20000,4.8,24 hours,5,2,2,0,A town known for its historical and religious significance.
Patan Devi,Patna,Bihar,15000,4.6,6:00 AM - 6:00 PM,5,2,2,0,A Hindu temple located in Patna.
Golghar,Patna,Bihar,10000,4.7,9:00 AM - 6:00 PM,5,2,2,0,A granary located in Patna.
Gaya,Gaya,Bihar,9000,4.8,24 hours,5,2,2,0,A town known for its association with Lord Buddha.
Chandraprabha Wildlife Sanctuary,Kaimur,Bihar,8000,4.7,6:00 AM - 6:00 PM,2,5,2,0,A wildlife sanctuary located in the Kaimur district.
Valmiki National Park,West Champaran,Bihar,7000,4.6,6:00 AM - 6:00 PM,2,5,2,0,A national park located in the West Champaran district.
Madhubani,Madhubani,Bihar,6000,4.8,24 hours,2,2,2,0,A town known for its art and culture.
Buxar Fort,Buxar,Bihar,5000,4.7,6:00 AM - 6:00 PM,5,2,2,0,A fort located in the town of Buxar.
Pawapuri,Pawapuri,Bihar,4000,4.6,24 hours,5,2,2,0,A town known for its association with Lord Mahavira.
Bhimbandh Wildlife Sanctuary,Munger,Bihar,3000,4.8,6:00 AM - 6:00 PM,2,5,2,0,A wildlife sanctuary located in the Munger district.
Kaimur Wildlife Sanctuary,Kaimur,Bihar,2000,4.7,6:00 AM - 6:00 PM,2,5,2,0,A wildlife sanctuary located in the Kaimur district.
Darbhanga,Darbhanga,Bihar,1000,4.6,6:00 AM - 6:00 PM,2,2,2,0,A city known for its cultural heritage.

Neermahal,Rudrasagar,Tripura,400000,4.8,9:00 AM - 5:00 PM,5,2,2,0,A former royal palace located in the middle of Rudrasagar Lake.
Ujjayanta Palace,Agartala,Tripura,350000,4.7,10:00 AM - 5:00 PM,5,2,2,0,A royal palace and museum in Agartala.
Tripura Sundari Temple,Udaipur,Tripura,300000,4.6,6:00 AM - 8:00 PM,5,2,2,0,A Hindu temple dedicated to Goddess Tripura Sundari.
Sepahijala Wildlife Sanctuary,Sepahijala,Tripura,250000,4.7,8:00 AM - 4:00 PM,2,5,2,0,A wildlife sanctuary known for its diverse flora and fauna.
Jampui Hills,Kanchanpur,Tripura,200000,4.8,24 hours,2,5,2,0,A hill range known for its scenic beauty.
Unakoti,Unakoti,Tripura,150000,4.7,6:00 AM - 6:00 PM,5,2,2,0,An ancient site known for its rock carvings.
Chabimura,Amarpur,Tripura,100000,4.6,6:00 AM - 6:00 PM,2,5,2,0,A site known for its rock carvings and sculptures.
Pilak,Jolaibari,Tripura,90000,4.8,6:00 AM - 6:00 PM,5,2,2,0,An archaeological site with ancient ruins.
Dumboor Lake,Gandacherra,Tripura,80000,4.7,24 hours,2,5,2,0,A lake known for its scenic beauty and water sports.
Kamalasagar,Kamalasagar,Tripura,70000,4.6,6:00 AM - 6:00 PM,2,2,2,0,A town known for its scenic beauty and cultural heritage.
Trishna Wildlife Sanctuary,Belonia,Tripura,60000,4.8,8:00 AM - 4:00 PM,2,5,2,0,A wildlife sanctuary known for its rich biodiversity.
Bhubaneswari Temple,Udaipur,Tripura,50000,4.7,6:00 AM - 6:00 PM,5,2,2,0,A temple dedicated to Goddess Bhubaneswari.
Kunjaban Palace,Agartala,Tripura,40000,4.6,10:00 AM - 5:00 PM,5,2,2,0,A palace known for its architecture and history.
Buddha Temple,Agartala,Tripura,30000,4.8,6:00 AM - 6:00 PM,5,2,2,0,A Buddhist temple located in Agartala.
Boxanagar,Boxanagar,Tripura,20000,4.7,6:00 AM - 6:00 PM,5,2,2,0,An archaeological site with ancient ruins.
Devtamura,Amarpur,Tripura,15000,4.6,6:00 AM - 6:00 PM,2,5,2,0,A site known for its rock carvings and sculptures.
Rose Valley Amusement Park,Agartala,Tripura,10000,4.8,10:00 AM - 6:00 PM,2,2,5,0,An amusement park located in Agartala.
Heritage Park,Agartala,Tripura,9000,4.7,8:00 AM - 4:00 PM,2,2,2,0,A park showcasing the cultural heritage of Tripura.
Gomati Wildlife Sanctuary,Gomati,Tripura,8000,4.6,8:00 AM - 4:00 PM,2,5,2,0,A wildlife sanctuary known for its rich biodiversity.
Hatakaijao,Kanchanpur,Tripura,7000,4.8,24 hours,2,5,2,0,A village known for its scenic beauty and cultural heritage.
Fulkumari,Fulkumari,Tripura,6000,4.7,24 hours,2,2,2,0,A town known for its scenic beauty and cultural heritage.
Kalapania Nature Park,Panisagar,Tripura,5000,4.6,8:00 AM - 4:00 PM,2,5,2,0,A nature park located in North Tripura.
Baramura Eco Park,Baramura,Tripura,4000,4.8,8:00 AM - 4:00 PM,2,5,2,0,An eco park located in the Baramura hill range.
Malancha Niwas,Agartala,Tripura,3000,4.7,10:00 AM - 5:00 PM,5,2,2,0,A palace known for its architecture and history.
Udaipur,Udaipur,Tripura,2000,4.6,24 hours,2,2,2,0,A town known for its historical and religious significance.
Mahamuni Pagoda,Manubankul,Tripura,1500,4.8,6:00 AM - 6:00 PM,5,2,2,0,A Buddhist pagoda located in Manubankul.
Sukanta Academy,Agartala,Tripura,1000,4.7,10:00 AM - 5:00 PM,2,2,2,0,An academy promoting science and culture.
Rasikbil,Rasikbil,Tripura,900,4.6,24 hours,2,5,2,0,A lake known for its scenic beauty and bird watching.
Bhubaneshwari Temple,Udaipur,Tripura,800,4.8,6:00 AM - 6:00 PM,5,2,2,0,A temple dedicated to Goddess Bhubaneswari.
Birchandra Manu,Birchandra Manu,Tripura,700,4.7,24 hours,2,2,2,0,A village known for its scenic beauty and cultural heritage.

Cherrapunji,Cherrapunji,Meghalaya,1000000,4.9,6:00 AM - 6:00 PM,2,5,2,0,A town known for its heavy rainfall and scenic beauty.
Nohkalikai Falls,Cherrapunji,Meghalaya,900000,4.8,6:00 AM - 6:00 PM,2,5,2,0,A waterfall known for its breathtaking drop.
Living Root Bridges,Cherrapunji,Meghalaya,800000,4.7,24 hours,2,5,2,0,Bridges made from the roots of living trees.
Mawlynnong,Mawlynnong,Meghalaya,700000,4.8,24 hours,2,5,2,0,A village known as the cleanest village in Asia.
Umiam Lake,Shillong,Meghalaya,600000,4.7,6:00 AM - 6:00 PM,2,5,2,0,A lake known for its scenic beauty and water sports.
Shillong Peak,Shillong,Meghalaya,500000,4.9,6:00 AM - 6:00 PM,2,5,2,0,A viewpoint offering panoramic views of Shillong.
Elephant Falls,Shillong,Meghalaya,400000,4.8,6:00 AM - 6:00 PM,2,5,2,0,A waterfall located near Shillong.
Dawki,Dawki,Meghalaya,300000,4.7,24 hours,2,5,2,0,A town known for its crystal-clear river.
Mawsmai Cave,Cherrapunji,Meghalaya,200000,4.6,6:00 AM - 6:00 PM,2,5,2,0,A limestone cave with impressive formations.
Double Decker Living Root Bridge,Cherrapunji,Meghalaya,150000,4.8,6:00 AM - 6:00 PM,2,5,2,0,A unique bridge made from the roots of living trees.
Balpakram National Park,Baghmara,Meghalaya,100000,4.7,6:00 AM - 6:00 PM,2,5,2,0,A national park known for its rich biodiversity.
Ward's Lake,Shillong,Meghalaya,90000,4.8,6:00 AM - 6:00 PM,2,5,2,0,A lake and park located in Shillong.
Don Bosco Museum,Shillong,Meghalaya,80000,4.7,9:00 AM - 5:00 PM,2,2,2,0,A museum showcasing the culture of Northeast India.
Mawphlang Sacred Forest,Mawphlang,Meghalaya,70000,4.6,6:00 AM - 6:00 PM,2,5,2,0,A sacred forest known for its biodiversity.
Siju Caves,Baghmara,Meghalaya,60000,4.8,6:00 AM - 6:00 PM,2,5,2,0,A limestone cave with impressive formations.
Laitlum Canyons,Shillong,Meghalaya,50000,4.7,6:00 AM - 6:00 PM,2,5,2,0,A viewpoint offering panoramic views of the canyons.
Nartiang Monoliths,Nartiang,Meghalaya,40000,4.8,24 hours,5,5,2,0,Ancient monoliths located in Nartiang.
Thangkharang Park,Cherrapunji,Meghalaya,30000,4.7,6:00 AM - 6:00 PM,2,5,2,0,A park known for its scenic beauty.
Jakrem Hot Springs,Jakrem,Meghalaya,20000,4.8,6:00 AM - 6:00 PM,2,5,2,0,Hot springs known for their therapeutic properties.
Mawkdok Dympep Valley,Cherrapunji,Meghalaya,15000,4.6,6:00 AM - 6:00 PM,2,5,2,0,A valley known for its scenic beauty.
Shillong Golf Course,Shillong,Meghalaya,10000,4.7,6:00 AM - 6:00 PM,2,5,2,0,A golf course located in Shillong.
Kyllang Rock,Nongstoin,Meghalaya,9000,4.8,6:00 AM - 6:00 PM,2,5,2,0,A massive rock formation located in West Khasi Hills.
Spread Eagle Falls,Shillong,Meghalaya,8000,4.7,6:00 AM - 6:00 PM,2,5,2,0,A waterfall located in Shillong.
Nongkhnum Island,Nongstoin,Meghalaya,7000,4.6,24 hours,2,5,2,0,An island known for its scenic beauty.
Bishop Falls,Shillong,Meghalaya,6000,4.8,6:00 AM - 6:00 PM,2,5,2,0,A waterfall located in Shillong.
Nongriat,Nongriat,Meghalaya,5000,4.7,24 hours,2,5,2,0,A village known for its living root bridges.
Mawjymbuin Cave,Mawsynram,Meghalaya,4000,4.6,6:00 AM - 6:00 PM,2,5,2,0,A cave known for its impressive formations.
Phan Nonglait Park,Shillong,Meghalaya,3000,4.8,6:00 AM - 6:00 PM,2,5,2,0,A park located in Shillong.
Sweet Falls,Shillong,Meghalaya,2000,4.7,6:00 AM - 6:00 PM,2,5,2,0,A waterfall located in Shillong.
Ranikor,Ranikor,Meghalaya,1000,4.6,24 hours,2,5,2,0,A town known for its scenic beauty.

Loktak Lake,Imphal,Manipur,800000,4.9,6:00 AM - 6:00 PM,2,5,2,0,A large freshwater lake known for its floating islands.
Kangla Fort,Imphal,Manipur,750000,4.8,6:00 AM - 6:00 PM,5,2,2,0,A historic fort located in Imphal.
Keibul Lamjao National Park,Bishnupur,Manipur,700000,4.7,6:00 AM - 6:00 PM,2,5,2,0,A national park known for its rich biodiversity.
Shirui Kashong Peak,Ukhrul,Manipur,650000,4.8,24 hours,2,5,2,0,A peak known for its scenic beauty and rare flowers.
Ima Keithel Women's Market,Imphal,Manipur,600000,4.7,6:00 AM - 6:00 PM,2,2,5,0,A market run exclusively by women.
Shree Govindajee Temple,Imphal,Manipur,550000,4.9,6:00 AM - 6:00 PM,5,2,2,0,A Hindu temple dedicated to Lord Govindajee.
Andro,Imphal,Manipur,500000,4.8,6:00 AM - 6:00 PM,5,2,2,0,A village known for its pottery and traditional houses.
Khonghampat Orchidarium,Imphal,Manipur,450000,4.7,9:00 AM - 5:00 PM,2,5,2,0,An orchidarium showcasing a variety of orchids.
Khongjom War Memorial,Imphal,Manipur,400000,4.6,6:00 AM - 6:00 PM,5,2,2,0,A war memorial commemorating the Anglo-Manipur War.
Zoological Garden,Imphal,Manipur,350000,4.8,9:00 AM - 5:00 PM,2,2,2,0,A zoological garden located in Imphal.
Singda Dam,Imphal,Manipur,300000,4.7,6:00 AM - 6:00 PM,2,5,2,0,A dam known for its scenic beauty and recreational activities.
Sanamahi Temple,Imphal,Manipur,250000,4.8,6:00 AM - 6:00 PM,2,2,2,0,A temple dedicated to the Sanamahi deity.
Leimapokpam Keirungba Temple,Imphal,Manipur,200000,4.7,6:00 AM - 6:00 PM,5,2,2,0,A temple known for its architectural beauty.
Phubala,Bishnupur,Manipur,150000,4.6,24 hours,2,5,2,0,A village known for its scenic beauty and traditional culture.
Sambal-Lei-Sekpil Garden,Imphal,Manipur,100000,4.8,9:00 AM - 5:00 PM,2,2,2,0,A garden known for its unique topiary work.
Tharon Cave,Tamenglong,Manipur,90000,4.7,6:00 AM - 6:00 PM,5,5,2,0,A limestone cave with impressive formations.
Red Hill - Lokpaching,Imphal,Manipur,80000,4.8,24 hours,5,5,2,0,A historic site associated with World War II.
Cheirao Ching,Imphal,Manipur,70000,4.7,24 hours,2,5,2,0,A hill known for its scenic beauty and trekking opportunities.
Loukoipat Ecological Park,Bishnupur,Manipur,60000,4.8,6:00 AM - 6:00 PM,2,5,2,0,An ecological park known for its rich biodiversity.
ISKCON Temple,Imphal,Manipur,50000,4.6,6:00 AM - 6:00 PM,5,2,2,0,A temple dedicated to Lord Krishna.
Manipur State Museum,Imphal,Manipur,40000,4.7,9:00 AM - 5:00 PM,2,2,2,0,A museum showcasing the history and culture of Manipur.
Langthabal,Imphal,Manipur,30000,4.8,24 hours,5,2,2,0,A historic site known for its ancient ruins.
Kangla Museum,Imphal,Manipur,20000,4.7,9:00 AM - 5:00 PM,5,2,2,0,A museum located within the Kangla Fort complex.
Koubru Leikha,Senapati,Manipur,15000,4.6,24 hours,5,2,2,0,A mountain known for its scenic beauty and trekking opportunities.
Ebudhou Thangjing Temple,Imphal,Manipur,10000,4.8,6:00 AM - 6:00 PM,5,2,2,0,A temple dedicated to the Thangjing deity.
Hijagang,Imphal,Manipur,9000,4.7,24 hours,2,5,2,0,A village known for its scenic beauty and traditional culture.
Waithou Lake,Imphal,Manipur,8000,4.6,24 hours,2,5,2,0,A lake known for its scenic beauty and bird watching.
Keibul Lamjao National Park,Bishnupur,Manipur,7000,4.8,6:00 AM - 6:00 PM,2,5,2,0,A national park known for its rich biodiversity.
Moirang,Bishnupur,Manipur,6000,4.7,24 hours,2,5,2,0,A town known for its association with the Indian National Army.
Ukhrul,Ukhrul,Manipur,5000,4.6,24 hours,2,5,2,0,A town known for its scenic beauty and traditional culture.

Kohima,Kohima,Nagaland,900000,4.9,24 hours,5,2,2,0,"The capital city of Nagaland, known for its scenic beauty and historical significance."
Dimapur,Dimapur,Nagaland,850000,4.8,24 hours,5,2,2,0,A major city known for its vibrant culture and historical sites.
Mokokchung,Mokokchung,Nagaland,800000,4.7,6:00 AM - 6:00 PM,2,5,2,0,A town known for its rich cultural heritage and scenic beauty.
Mon,Mon,Nagaland,750000,4.8,24 hours,2,5,2,0,A town known for its unique culture and scenic beauty.
Wokha,Wokha,Nagaland,700000,4.7,24 hours,2,5,2,0,A town known for its picturesque landscapes.
Khonoma Village,Kohima,Nagaland,650000,4.9,24 hours,5,5,2,0,A village known for its rich cultural heritage and scenic beauty.
Dzukou Valley,Kohima,Nagaland,600000,4.8,6:00 AM - 6:00 PM,2,5,2,0,A valley known for its stunning landscapes and trekking routes.
Tuophema Tourist Village,Kohima,Nagaland,550000,4.7,24 hours,5,5,2,0,A village known for its traditional Naga culture.
Japfu Peak,Kohima,Nagaland,500000,4.6,24 hours,2,5,2,0,A peak known for its scenic beauty and trekking routes.
Longleng,Longleng,Nagaland,450000,4.8,24 hours,2,5,2,0,A town known for its scenic beauty and traditional culture.
Peren,Peren,Nagaland,400000,4.7,24 hours,2,5,2,0,A town known for its scenic beauty and rich biodiversity.
Kiphire,Kiphire,Nagaland,350000,4.8,24 hours,2,5,2,0,A town known for its scenic beauty and cultural heritage.
Zunheboto,Zunheboto,Nagaland,300000,4.7,24 hours,2,5,2,0,A town known for its traditional Naga culture.
Meluri,Meluri,Nagaland,250000,4.6,24 hours,2,5,2,0,A town known for its scenic beauty and traditional culture.
Nagaland State Museum,Kohima,Nagaland,200000,4.8,9:00 AM - 5:00 PM,5,2,2,0,A museum showcasing the history and culture of Nagaland.
Shilloi Lake,Phek,Nagaland,150000,4.7,24 hours,2,5,2,0,A lake known for its scenic beauty and cultural significance.
Saramati Peak,Kiphire,Nagaland,100000,4.8,24 hours,2,5,2,0,A peak known for its scenic beauty and trekking routes.
Tokhu Emong,Wokha,Nagaland,90000,4.7,24 hours,5,2,2,0,A festival celebrating the harvest season in Wokha.
Kohima War Cemetery,Kohima,Nagaland,80000,4.8,24 hours,5,2,2,0,A cemetery commemorating the soldiers of World War II.
Chumukedima,Dimapur,Nagaland,70000,4.6,24 hours,2,5,2,0,A town known for its scenic beauty and cultural heritage.
Ruzaphema,Dimapur,Nagaland,60000,4.7,24 hours,2,5,2,0,A town known for its traditional crafts and scenic beauty.
Benreu,Peren,Nagaland,50000,4.8,24 hours,2,5,2,0,A village known for its traditional Naga culture.
Pfutsero,Phek,Nagaland,40000,4.7,24 hours,2,5,2,0,A town known for its scenic beauty and traditional culture.
Tseminyu,Tseminyu,Nagaland,30000,4.6,24 hours,2,5,2,0,A town known for its rich cultural heritage.
Intanki National Park,Peren,Nagaland,20000,4.8,6:00 AM - 6:00 PM,2,5,2,0,A national park known for its rich biodiversity.
Pulie Badze,Kohima,Nagaland,15000,4.7,24 hours,2,5,2,0,A peak known for its scenic beauty and trekking routes.
Veda Peak,Mon,Nagaland,10000,4.6,24 hours,2,5,2,0,A peak known for its scenic beauty and trekking routes.
Langpangkong Caves,Mokokchung,Nagaland,9000,4.8,24 hours,2,5,2,0,A cave known for its impressive formations.
Kachari Ruins,Dimapur,Nagaland,8000,4.7,24 hours,5,2,2,0,Ruins of an ancient city located in Dimapur.
Fakim Wildlife Sanctuary,Kiphire,Nagaland,7000,4.6,6:00 AM - 6:00 PM,2,5,2,0,A wildlife sanctuary known for its rich biodiversity.

Tawang Monastery,Tawang,Arunachal Pradesh,800000,4.9,6:00 AM - 6:00 PM,5,2,2,0,"A monastery located in Tawang, known for its spiritual significance and scenic beauty."
Sela Pass,Tawang,Arunachal Pradesh,750000,4.8,24 hours,2,5,2,0,A high-altitude mountain pass known for its scenic beauty.
Ziro Valley,Ziro,Arunachal Pradesh,700000,4.7,24 hours,2,5,2,0,A valley known for its picturesque landscapes and rich cultural heritage.
Namdapha National Park,Changlang,Arunachal Pradesh,650000,4.8,6:00 AM - 6:00 PM,2,5,2,0,A national park known for its rich biodiversity.
Bomdila Monastery,Bomdila,Arunachal Pradesh,600000,4.7,6:00 AM - 6:00 PM,5,2,2,0,"A monastery located in Bomdila, known for its spiritual significance."
Dirang,West Kameng,Arunachal Pradesh,550000,4.9,24 hours,2,5,2,0,A town known for its scenic beauty and traditional culture.
Itanagar,Itanagar,Arunachal Pradesh,500000,4.8,24 hours,5,2,2,0,"The capital city of Arunachal Pradesh, known for its cultural heritage."
Roing,Lower Dibang Valley,Arunachal Pradesh,450000,4.7,24 hours,2,5,2,0,A town known for its picturesque landscapes and adventure activities.
Pasighat,East Siang,Arunachal Pradesh,400000,4.6,24 hours,2,5,2,0,A town known for its scenic beauty and rich cultural heritage.
Along,West Siang,Arunachal Pradesh,350000,4.8,24 hours,2,5,2,0,A town known for its traditional culture and scenic beauty.
Mechuka,West Siang,Arunachal Pradesh,300000,4.7,24 hours,2,5,2,0,A town known for its picturesque landscapes and adventure activities.
Bhalukpong,West Kameng,Arunachal Pradesh,250000,4.8,24 hours,2,5,2,0,A town known for its scenic beauty and adventure activities.
Changlang,Changlang,Arunachal Pradesh,200000,4.7,24 hours,2,5,2,0,A town known for its rich cultural heritage and picturesque landscapes.
Anini,Dibang Valley,Arunachal Pradesh,150000,4.6,24 hours,2,5,2,0,A town known for its scenic beauty and traditional culture.
Tawang War Memorial,Tawang,Arunachal Pradesh,100000,4.8,6:00 AM - 6:00 PM,5,2,2,0,A war memorial commemorating the soldiers who fought in the Sino-Indian War.
Gorichen Peak,Tawang,Arunachal Pradesh,90000,4.7,24 hours,2,5,2,0,A peak known for its scenic beauty and trekking routes.
Madhuri Lake,Tawang,Arunachal Pradesh,80000,4.8,24 hours,2,5,2,0,A lake known for its picturesque landscapes.
Pakhui Wildlife Sanctuary,East Kameng,Arunachal Pradesh,70000,4.7,6:00 AM - 6:00 PM,2,5,2,0,A wildlife sanctuary known for its rich biodiversity.
Sangti Valley,West Kameng,Arunachal Pradesh,60000,4.8,24 hours,2,5,2,0,A valley known for its scenic beauty and traditional culture.
Malinithan,Lower Siang,Arunachal Pradesh,50000,4.6,6:00 AM - 6:00 PM,5,5,2,0,A temple known for its architectural beauty and spiritual significance.
Ganga Lake,Itanagar,Arunachal Pradesh,40000,4.7,24 hours,2,5,2,0,A lake known for its scenic beauty and adventure activities.
Nuranang Falls,Tawang,Arunachal Pradesh,30000,4.8,6:00 AM - 6:00 PM,2,5,2,0,A waterfall known for its picturesque landscapes.
Daying Ering Wildlife Sanctuary,East Siang,Arunachal Pradesh,20000,4.7,6:00 AM - 6:00 PM,2,5,2,0,A wildlife sanctuary known for its rich biodiversity.
Jawai,Lower Siang,Arunachal Pradesh,15000,4.6,24 hours,2,5,2,0,A town known for its scenic beauty and traditional culture.
Parshuram Kund,Lohit,Arunachal Pradesh,10000,4.8,6:00 AM - 6:00 PM,5,5,2,0,A temple known for its spiritual significance and picturesque landscapes.
Hapoli,Ziro,Arunachal Pradesh,9000,4.7,24 hours,2,5,2,0,A town known for its scenic beauty and traditional culture.
Talle Valley,Ziro,Arunachal Pradesh,8000,4.6,24 hours,2,5,2,0,A valley known for its picturesque landscapes.
Sessa Orchid Sanctuary,West Kameng,Arunachal Pradesh,7000,4.8,24 hours,2,5,2,0,A sanctuary known for its rich biodiversity and orchids.
Daporijo,Upper Subansiri,Arunachal Pradesh,6000,4.7,24 hours,2,5,2,0,A town known for its scenic beauty and adventure activities.
Hayuliang,Anjaw,Arunachal Pradesh,5000,4.6,24 hours,2,5,2,0,A town known for its scenic beauty and traditional culture.
