Attraction,Noel,Tom
Tirumala Venkateswara Temple,2.9,2.2
Araku Valley,2.0,2.4
Borra Caves,4.4,0.0
Ramakrishna Beach,0.0,0.0
Srisailam,0.0,0.0
Kanaka Durga Temple,0.0,0.0
Undavalli Caves,0.0,4.4
Lepakshi,0.0,0.0
Ahobilam Temple,4.6,0.0
Kailasagiri,0.0,0.0
Gandikota,0.0,4.5
Thotlakonda Buddhist Complex,4.4,0.0
Kolleru Lake,0.0,0.0
Manginapudi Beach,4.1,4.1
Sri Venkateswara National Park,0.0,4.3
Pavurallakonda,4.2,4.2
Yaganti Temple,0.0,4.4
Maredumilli,4.5,4.5
Rajahmundry Godavari Bridge,0.0,4.4
Draksharamam Temple,4.5,0.0
Suryalanka Beach,0.0,0.0
Sankaram,4.2,4.2
Simhachalam Temple,0.0,0.0
VUDA Park,4.2,4.2
Dwaraka Tirumala,0.0,4.4
Sriharikota,4.3,0.0
Bavikonda,0.0,0.0
Belum Caves,4.5,0.0
Annavaram Temple,4.5,4.5
Nagarjunakonda,0.0,4.3
Mysore Palace,0.0,0.0
Bangalore Palace,4.4,0.0
Hampi,0.0,0.0
Coorg,4.6,4.6
Lalbagh Botanical Garden,4.5,4.5
Bannerghatta National Park,0.0,0.0
Chikmagalur,4.6,4.6
Badami Caves,4.5,4.5
Nandi Hills,4.4,4.4
Jog Falls,0.0,0.0
Gokarna,4.6,0.0
Shravanabelagola,4.5,0.0
Gol Gumbaz,4.4,0.0
Murudeshwar,4.5,0.0
Kabini Wildlife Sanctuary,0.0,0.0
Bhadra Wildlife Sanctuary,0.0,0.0
Dandeli,4.5,0.0
Kudremukh,4.6,0.0
Kemmangundi,4.4,0.0
Agumbe,0.0,4.3
Chitradurga Fort,4.5,4.5
Anshi National Park,0.0,0.0
Ramanagara,4.3,0.0
Savandurga,4.4,0.0
Horanadu,4.6,4.6
Udupi Sri Krishna Matha,4.5,0.0
Kukke Subramanya Temple,0.0,0.0
Somnathpur Temple,0.0,0.0
Bandipur National Park,0.0,4.3
Gavi Gangadhareshwara Temple,0.0,4.4
Munnar,0.0,0.0
Alleppey Backwaters,0.0,4.5
Kumarakom,0.0,0.0
Thekkady,0.0,4.5
Wayanad,0.0,4.5
Kochi Fort,0.0,0.0
Varkala Beach,0.0,0.0
Bekal Fort,0.0,4.5
Athirapally Waterfalls,0.0,4.5
Sree Padmanabhaswamy Temple,0.0,0.0
Poovar Island,0.0,0.0
Kovalam Beach,0.0,4.5
Periyar Wildlife Sanctuary,4.4,4.4
Vagamon,4.5,4.5
Ponmudi,4.4,0.0
Silent Valley National Park,4.5,4.5
Thrissur Pooram,4.6,0.0
Guruvayur Temple,4.7,4.7
Munroe Island,0.0,0.0
Ashtamudi Lake,4.4,4.4
Nelliampathy,4.5,0.0
Malampuzha Dam,4.3,0.0
Thiruvananthapuram Zoo,0.0,4.2
Cherai Beach,4.5,0.0
Edakkal Caves,0.0,0.0
Marari Beach,0.0,0.0
Anamudi Peak,0.0,0.0
Veli Tourist Village,4.3,0.0
Kottayam,4.4,0.0
Kuttanad,4.5,0.0
Madurai Meenakshi Amman Temple,0.0,4.5
Kapaleeshwarar Temple,4.5,0.0
Marina Beach,4.0,0.0
Brihadeeswara Temple,0.0,5.0
Besant Nagar Beach,0.0,0.0
Arulmigu Ramanatha Swamy Temple,0.0,4.5
Snow Kingdom,0.0,0.0
Monuments at Mahabalipuram,0.0,0.0
Vivekananda Rock Memorial,4.5,4.5
Chettinad,0.0,0.0
Kumbakonam,4.6,4.6
Trichy (Tiruchirappalli),4.1,0.0
Chidambaram,0.0,0.0
Nagapattinam,5.0,0.0
Vedanthangal Bird Sanctuary,0.0,3.8
Tharangambadi (Tranquebar),0.0,5.0
Courtallam (Kutralam),0.0,0.0
Bellikkal,4.5,4.5
Vellore Fort,0.0,0.0
Yercaud,4.3,0.0
Kodaikanal Lake,0.0,0.0
Hogenakkal Falls,4.3,4.3
Ooty Lake,0.0,0.0
Mysore Palace,4.6,0.0
Nilgiri Mountain Railway,0.0,0.0
Annamalaiyar Temple,4.5,4.5
"Ranganathaswamy Temple, Srirangam",4.5,0.0
Pichavaram Mangrove Forest,4.2,4.2
Pulicat Lake,4.1,4.1
Gangaikonda Cholapuram,0.0,0.0
Golconda Fort,4.5,4.5
Charminar,4.4,4.4
Ramoji Film City,4.3,4.3
Birla Mandir,4.4,4.4
Salar Jung Museum,0.0,0.0
Nehru Zoological Park,0.0,0.0
Chowmahalla Palace,4.3,0.0
Hussain Sagar Lake,4.1,0.0
Qutub Shahi Tombs,0.0,0.0
Lumbini Park,4.2,0.0
Snow World,4.1,4.1
KBR National Park,4.3,0.0
Purani Haveli,0.0,4.1
Taramati Baradari,0.0,0.0
Shilparamam,0.0,0.0
Mecca Masjid,0.0,0.0
Birla Planetarium,4.1,4.1
Mrugavani National Park,4.0,0.0
Mahavir Harina Vanasthali National Park,0.0,0.0
Keesaragutta Temple,4.3,4.3
Ananthagiri Hills,4.2,0.0
Pocharam Wildlife Sanctuary,0.0,0.0
Medak Fort,0.0,0.0
Bhongir Fort,0.0,0.0
Warangal Fort,0.0,0.0
Pakhal Lake,4.1,0.0
Khammam Fort,4.0,4.0
Alampur,4.2,0.0
Bhadrachalam,4.1,0.0
Basara,4.3,4.3
Kingdom of Dreams,4.5,0.0
Sultanpur National Park,0.0,4.4
Kurukshetra,0.0,0.0
Pinjore Gardens,4.4,0.0
Morni Hills,4.3,4.3
Firoz Shah Palace Complex,0.0,0.0
Badkhal Lake,4.3,0.0
Surajkund,0.0,0.0
Brahma Sarovar,4.5,4.5
Cactus Garden,0.0,0.0
Yadavindra Gardens,4.5,0.0
Kaithal,0.0,4.3
Panchkula,0.0,4.4
Sohna,0.0,0.0
Tilyar Lake,4.4,0.0
Blue Bird Lake,0.0,4.3
Ch. Devi Lal Herbal Nature Park,4.4,0.0
Kalesar National Park,4.2,0.0
Karna Lake,0.0,0.0
Krishna Museum,0.0,4.4
Bhindawas Wildlife Sanctuary,4.3,4.3
Dhosi Hill,0.0,0.0
Pataudi Palace,0.0,4.3
Nahar Singh Palace,0.0,4.4
Asigarh Fort,0.0,0.0
Cantonment Church Tower,0.0,0.0
Star Monument,4.3,0.0
Rani Ka Talab,0.0,4.4
Loharu Fort,0.0,0.0
Feroz Shah Tughlaq Fort,0.0,0.0
Dal Lake,4.7,4.7
Gulmarg,0.0,0.0
Pahalgam,0.0,0.0
Sonamarg,0.0,0.0
Vaishno Devi Temple,4.8,4.8
Hemis Monastery,0.0,0.0
Shankaracharya Temple,0.0,4.5
Nubra Valley,4.7,0.0
Betaab Valley,4.6,4.6
Amarnath Cave,4.8,0.0
Pangong Lake,4.7,4.7
Shalimar Bagh,4.6,4.6
Nishat Bagh,0.0,0.0
Dachigam National Park,0.0,0.0
Indira Gandhi Memorial Tulip Garden,0.0,0.0
Mughal Road,4.6,0.0
Bhaderwah,4.5,4.5
Yusmarg,0.0,4.4
Sinthan Top,0.0,0.0
Aharbal Waterfall,0.0,4.5
Patnitop,0.0,4.6
Manasbal Lake,0.0,0.0
Sheeshnag Lake,4.4,0.0
Hari Parbat,4.5,0.0
Lamayuru Monastery,4.6,0.0
Surinsar Lake,0.0,4.7
Tso Moriri Lake,0.0,0.0
Dras War Memorial,4.6,4.6
Kheer Bhawani Temple,4.5,0.0
Sanasar Lake,0.0,4.4
Golden Temple,4.9,0.0
Jallianwala Bagh,4.7,0.0
Wagah Border,0.0,0.0
Rock Garden of Chandigarh,0.0,4.5
Sukhna Lake,0.0,4.4
Anandpur Sahib,4.6,0.0
Durgiana Temple,4.5,0.0
Harike Wetland and Bird Sanctuary,4.4,4.4
Maharaja Ranjit Singh Museum,4.5,0.0
Partition Museum,0.0,0.0
Pushpa Gujral Science City,4.5,4.5
Virasat-e-Khalsa,4.6,0.0
Bathinda Fort,0.0,0.0
Sheesh Mahal,0.0,4.4
Quila Mubarak,4.3,4.3
Rose Garden,4.6,0.0
Ranjit Sagar Dam,4.5,4.5
Ram Tirath,0.0,0.0
Talwandi Sabo,0.0,0.0
Sirhind Fort,0.0,0.0
Faridkot Fort,4.4,4.4
Fateh Burj,4.5,0.0
Gurudwara Baba Atal Rai,4.3,0.0
"Kali Temple, Patiala",0.0,0.0
Gurdwara Manji Sahib,0.0,0.0
Devi Talab Mandir,0.0,4.6
Mukteshwar Temple,0.0,0.0
"Shiv Mandir, Gurudwara Nanak Mata",0.0,0.0
Lodhi Fort,4.4,4.4
Maharaja Ranjit Singh War Museum,0.0,0.0
Taj Mahal,4.9,0.0
Agra Fort,0.0,0.0
Fatehpur Sikri,0.0,4.7
Varanasi Ghats,4.8,4.8
Kashi Vishwanath Temple,4.7,0.0
Sarnath,4.6,0.0
Allahabad Triveni Sangam,0.0,4.7
Jhansi Fort,4.6,4.6
Rumi Darwaza,4.8,4.8
Lucknow Residency,4.7,0.0
Bara Imambara,0.0,0.0
Akbar's Tomb,0.0,0.0
Chitrakoot,0.0,0.0
Banke Bihari Temple,0.0,0.0
"Prem Mandir, Vrindavan",4.7,4.7
Bharat Mata Mandir,0.0,4.8
Dudhwa National Park,4.6,0.0
Mathura,0.0,0.0
Ayodhya,0.0,0.0
Sankat Mochan Hanuman Temple,0.0,4.6
Kanpur Memorial Church,0.0,4.7
Kakori,0.0,0.0
Vindhyachal,0.0,0.0
Hastinapur,0.0,4.6
Naimisaranya,0.0,4.8
Sarnath Museum,0.0,0.0
Govardhan Hill,4.8,0.0
Ramnagar Fort,0.0,4.6
Sikandra,0.0,4.7
Itmad-ud-Daula,4.6,0.0
Gateway of India,0.0,0.0
Ajanta Caves,0.0,0.0
Ellora Caves,4.8,4.8
Elephanta Caves,0.0,4.7
Chhatrapati Shivaji Terminus,4.6,0.0
Marine Drive,4.8,0.0
Shaniwar Wada,0.0,0.0
Mahabaleshwar,0.0,0.0
Lonavala,0.0,0.0
Siddhivinayak Temple,4.6,4.6
Haji Ali Dargah,4.8,4.8
Alibaug,4.7,0.0
Sinhagad Fort,4.8,0.0
Bibi Ka Maqbara,4.7,0.0
Kanheri Caves,0.0,0.0
Chikhaldara,4.7,0.0
Panchgani,4.8,4.8
Tadoba Andhari Tiger Reserve,0.0,4.7
Rajmachi Fort,4.8,0.0
Bhimashankar Temple,0.0,0.0
Pratapgad Fort,0.0,0.0
Aga Khan Palace,4.7,4.7
Elephanta Island,0.0,0.0
Lavasa,0.0,0.0
Nashik Vineyards,4.8,0.0
Aurangabad Caves,0.0,0.0
Karnala Bird Sanctuary,4.8,0.0
Hanging Gardens,0.0,0.0
Worli Sea Face,0.0,0.0
EsselWorld,4.7,4.7
Statue of Unity,4.9,4.9
Gir National Park,0.0,0.0
Rann of Kutch,4.7,4.7
Somnath Temple,0.0,0.0
Dwarkadhish Temple,0.0,4.7
Sabarmati Ashram,0.0,4.9
Laxmi Vilas Palace,4.8,0.0
Sardar Patel Stadium,0.0,0.0
Kankaria Lake,0.0,4.6
"Akshardham Temple, Gandhinagar",0.0,0.0
"Sun Temple, Modhera",4.7,0.0
Rani ki Vav,0.0,0.0
Vijay Vilas Palace,4.8,0.0
Saputara,4.7,4.7
Shatrunjaya Hill Temples,0.0,0.0
Mandvi Beach,4.7,0.0
Palitana,0.0,4.8
Velavadar Blackbuck National Park,4.7,0.0
Marine National Park,4.8,0.0
Sidi Saiyyed Mosque,4.6,4.6
Bhuj,4.7,0.0
Nal Sarovar Bird Sanctuary,4.8,0.0
Baroda Museum and Picture Gallery,4.7,0.0
Gandhi Smriti,0.0,0.0
Hutheesing Jain Temple,4.8,0.0
Champaner-Pavagadh Archaeological Park,0.0,0.0
Lothal,0.0,0.0
Gopnath Beach,4.7,0.0
Sarkhej Roza,0.0,4.6
"Kirti Mandir, Porbandar",0.0,0.0
Amber Fort,0.0,0.0
"City Palace, Jaipur",0.0,4.7
Hawa Mahal,0.0,4.6
"Jantar Mantar, Jaipur",4.8,0.0
Mehrangarh Fort,4.7,4.7
Lake Pichola,0.0,4.8
"City Palace, Udaipur",4.6,0.0
Jaisalmer Fort,4.8,0.0
Ranthambore National Park,0.0,0.0
Pushkar Lake,4.6,4.6
Chittorgarh Fort,0.0,0.0
Kumbhalgarh Fort,4.8,0.0
Mount Abu,0.0,0.0
Ajmer Sharif Dargah,4.6,0.0
Umaid Bhawan Palace,0.0,0.0
Saheliyon Ki Bari,4.6,0.0
Jal Mahal,0.0,0.0
Nahargarh Fort,4.7,0.0
Bikaner Fort,0.0,0.0
Mandawa,4.6,0.0
Sariska Tiger Reserve,4.7,0.0
Keoladeo National Park,4.8,4.8
Bagore Ki Haveli,0.0,0.0
Sheesh Mahal,0.0,0.0
Sikar,4.7,0.0
Alwar Fort,0.0,0.0
Junagarh Fort,0.0,0.0
Panna Meena Ka Kund,4.8,0.0
Jaigarh Fort,0.0,4.7
Neemrana Fort,0.0,0.0
Victoria Memorial,0.0,0.0
Howrah Bridge,4.7,4.7
Sundarbans,4.8,4.8
Dakshineswar Kali Temple,4.7,0.0
Kalighat Kali Temple,4.6,4.6
Darjeeling Himalayan Railway,4.8,0.0
Indian Museum,4.7,4.7
Marble Palace,4.8,4.8
Eden Gardens,0.0,4.7
Belur Math,0.0,0.0
Birla Planetarium,4.8,0.0
St. Paul's Cathedral,0.0,4.7
Science City,0.0,0.0
Jorasanko Thakur Bari,0.0,0.0
Rabindra Sarobar,4.8,0.0
Alipore Zoo,0.0,4.7
Netaji Bhawan,4.8,4.8
Fort William,4.7,0.0
Tipu Sultan Mosque,0.0,0.0
Nicco Park,4.7,4.7
Shantiniketan,4.8,0.0
Digha Beach,0.0,4.7
Bishnupur,4.8,0.0
Murshidabad,0.0,0.0
Cooch Behar Palace,4.8,0.0
Sundarbans National Park,0.0,0.0
Kolkata Tram,4.8,4.8
Ganga Sagar,4.7,0.0
Raj Bhavan,0.0,0.0
Jaldapara National Park,0.0,0.0
Calangute Beach,4.8,0.0
Baga Beach,0.0,0.0
Anjuna Beach,0.0,4.6
Colva Beach,0.0,0.0
Palolem Beach,4.8,0.0
Basilica of Bom Jesus,0.0,4.9
Se Cathedral,0.0,0.0
Fort Aguada,4.7,0.0
Dudhsagar Falls,4.8,0.0
Chapora Fort,0.0,0.0
Vagator Beach,4.8,0.0
Miramar Beach,0.0,4.7
Morjim Beach,4.6,4.6
Candolim Beach,4.8,0.0
Arambol Beach,4.7,4.7
Shri Manguesh Temple,4.8,0.0
Tambdi Surla,4.7,4.7
Butterfly Beach,4.8,4.8
Goa State Museum,0.0,0.0
Reis Magos Fort,0.0,4.6
Dona Paula,4.8,0.0
Benaulim Beach,4.7,4.7
Sinquerim Beach,0.0,0.0
Salim Ali Bird Sanctuary,0.0,4.8
Shantadurga Temple,0.0,0.0
Cabo de Rama Fort,0.0,4.6
St. Cajetan Church,4.8,0.0
Fontainhas,4.7,4.7
Betalbatim Beach,0.0,0.0
Divar Island,4.8,0.0
Kaziranga National Park,0.0,0.0
Kamakhya Temple,0.0,0.0
Majuli Island,4.6,0.0
Manas National Park,0.0,4.7
Sivasagar,0.0,0.0
Pobitora Wildlife Sanctuary,0.0,4.7
Hajo,4.6,0.0
Orang National Park,0.0,0.0
Dibru-Saikhowa National Park,4.7,0.0
Tocklai Tea Research Centre,0.0,0.0
Diphu,0.0,0.0
Bhalukpong,0.0,0.0
Panimoor Falls,0.0,0.0
Tezpur,0.0,0.0
Sualkuchi,0.0,4.7
Nameri National Park,0.0,0.0
Umananda Temple,4.7,0.0
Jorhat,0.0,4.8
Silchar,4.7,0.0
Dispur,0.0,0.0
Dibrugarh,0.0,4.8
Digboi,4.7,0.0
Barpeta,0.0,0.0
Haflong,0.0,4.8
Chandubi Lake,4.7,4.7
Karimganj,4.6,0.0
Goalpara,0.0,0.0
Morigaon,0.0,0.0
North Cachar Hills,0.0,0.0
Hailakandi,0.0,0.0
Phawngpui National Park,0.0,0.0
Vantawng Falls,4.7,0.0
Serchhip,0.0,4.6
Aizawl,4.7,0.0
Champhai,0.0,4.8
Reiek,0.0,4.7
Mamit,0.0,0.0
Lunglei,4.8,0.0
Hmuifang,4.7,4.7
Tamdil Lake,0.0,0.0
Baktawng Village,0.0,0.0
Dampa Tiger Reserve,4.7,0.0
Thenzawl Deer Park,4.6,0.0
Falkawn Village,0.0,4.8
Hnahlan,4.7,4.7
Zokhawthar,4.6,0.0
Bungtlang,0.0,0.0
Saiha,0.0,0.0
Khawnglung Wildlife Sanctuary,4.6,0.0
Murlen National Park,0.0,0.0
Palak Dil,4.7,0.0
Tlangnuam,0.0,0.0
Durtlang Hills,4.8,0.0
Sibuta Lung,4.7,0.0
Biate,4.6,0.0
Khawbung,0.0,0.0
Sialsuk,0.0,4.7
Thenzawl,4.6,0.0
Saitual,4.8,0.0
Zorinpui,0.0,0.0
Khajuraho Temples,0.0,4.9
Bandhavgarh National Park,0.0,4.8
Kanha National Park,4.7,4.7
Sanchi Stupa,0.0,0.0
Bhedaghat,4.7,0.0
Bhimbetka Rock Shelters,4.9,4.9
Gwalior Fort,0.0,0.0
Orchha,4.7,0.0
Pachmarhi,4.6,4.6
Ujjain,0.0,4.8
Omkareshwar,0.0,0.0
Mandu,4.8,0.0
Jabalpur,0.0,0.0
Maheshwar,4.6,4.6
Panna National Park,4.8,0.0
Satpura National Park,0.0,4.7
Chitrakoot,4.8,4.8
Pench National Park,4.7,0.0
Jai Vilas Palace,0.0,0.0
Shivpuri,0.0,0.0
Bhojpur,4.7,0.0
Chanderi,4.8,0.0
Indore,4.7,0.0
Bhopal,4.6,4.6
Rewa,0.0,0.0
Hanuwantiya,4.7,0.0
Madhav National Park,4.6,0.0
Raisen Fort,4.8,0.0
Tawa Reservoir,4.7,0.0
Ralamandal Wildlife Sanctuary,4.6,0.0
Betla National Park,0.0,0.0
Dassam Falls,4.7,0.0
Hazaribagh Wildlife Sanctuary,4.6,0.0
Jonha Falls,4.7,0.0
Netarhat,4.8,0.0
Ranchi Hill,4.7,0.0
Hundru Falls,0.0,0.0
Maithon Dam,0.0,0.0
Deoghar,4.7,0.0
Jubilee Park,0.0,0.0
"Jagannath Temple, Ranchi",0.0,4.8
Pahari Mandir,4.7,4.7
Baidyanath Temple,0.0,4.6
Parasnath,0.0,0.0
Dimna Lake,0.0,4.7
Patratu Valley,4.6,4.6
Topchanchi Lake,0.0,4.8
Bhuvaneshwari Temple,0.0,4.7
Naulakha Mandir,4.6,4.6
Chandil Dam,0.0,0.0
Birsa Zoological Park,0.0,4.7
Madhuban,4.6,0.0
Sun Temple,4.8,4.8
Lodh Falls,0.0,0.0
Rajrappa,4.6,0.0
Chandrapura Dam,4.8,4.8
Usri Falls,0.0,0.0
Jamshedpur,4.6,0.0
Panchet Dam,0.0,0.0
Maluti Temples,4.7,4.7
Jagannath Temple,4.9,4.9
Konark Sun Temple,4.8,0.0
Puri Beach,4.7,0.0
Chilika Lake,4.8,0.0
Nandankanan Zoological Park,4.7,0.0
Lingaraja Temple,0.0,0.0
Udayagiri and Khandagiri Caves,0.0,0.0
Simlipal National Park,0.0,0.0
Dhauli Hill,4.6,0.0
Raghurajpur Artist Village,0.0,4.8
Bhitarkanika National Park,4.7,4.7
Hirakud Dam,0.0,0.0
Chandipur Beach,0.0,0.0
Barabati Fort,0.0,0.0
Satkosia Tiger Reserve,0.0,0.0
Brahmapur,4.7,0.0
Khandadhar Waterfall,4.8,4.8
Paradip Port,4.7,4.7
Mukteshwar Temple,0.0,0.0
Chandaka Elephant Sanctuary,4.6,0.0
Tikarpada Wildlife Sanctuary,4.7,0.0
Biraja Temple,0.0,0.0
Gopalpur Beach,0.0,4.7
Maa Tarini Temple,0.0,4.6
Harishankar Temple,0.0,0.0
Lalitgiri,4.7,4.7
Kapilash Temple,0.0,0.0
Taptapani,4.8,0.0
Cuttack Chandi Temple,4.7,0.0
Daringbadi,4.6,4.6
Nainital,0.0,0.0
Mussoorie,4.8,0.0
Haridwar,4.7,0.0
Rishikesh,0.0,0.0
Jim Corbett National Park,0.0,0.0
Badrinath Temple,0.0,4.9
Kedarnath Temple,4.8,4.8
Valley of Flowers,4.7,4.7
Auli,4.6,0.0
Dehradun,4.8,0.0
Chopta,0.0,0.0
Almora,4.8,0.0
Ranikhet,4.7,0.0
Bageshwar,0.0,0.0
Mukteshwar,4.8,0.0
Lansdowne,0.0,4.7
Dhanaulti,4.8,0.0
Kausani,0.0,0.0
Gangotri,0.0,4.8
Yamunotri,0.0,0.0
Pithoragarh,0.0,0.0
Tehri Dam,0.0,0.0
Bhimtal,0.0,0.0
Naukuchiatal,4.6,0.0
Jageshwar,0.0,4.8
Binsar,0.0,0.0
Hemkund Sahib,0.0,0.0
Guptakashi,4.8,0.0
Pangot,0.0,0.0
Sattal,0.0,4.6
Chitrakote Falls,4.9,0.0
Barnawapara Wildlife Sanctuary,4.8,4.8
Kanger Valley National Park,4.7,4.7
Bhoramdeo Temple,0.0,0.0
Rajim,0.0,0.0
Bastar Palace,4.9,0.0
Mahant Ghasidas Memorial Museum,0.0,0.0
Dandak Caves,0.0,0.0
Sirpur,0.0,0.0
Sitanadi Wildlife Sanctuary,0.0,0.0
Gadiya Mountain,0.0,0.0
Dongargarh,4.8,0.0
Raipur,4.7,0.0
Dhamtari,0.0,4.6
Bilaspur,0.0,0.0
Tirathgarh Falls,4.7,4.7
Maitri Bagh,4.8,4.8
Indravati National Park,0.0,0.0
Kailash Caves,4.8,4.8
Narayanpur,4.6,4.6
Kawardha,0.0,0.0
Amritdhara Waterfall,0.0,0.0
Ratanpur,4.7,0.0
Mainpat,0.0,0.0
Sarguja,0.0,0.0
Khutaghat Dam,4.7,0.0
Kunkuri,4.6,0.0
Chaiturgarh,4.8,0.0
Rudra Shiva Statue,4.7,0.0
Rajpuri Waterfall,4.6,0.0
Mahabodhi Temple,4.9,0.0
Nalanda University,0.0,0.0
Vikramshila Ruins,0.0,0.0
Bodh Gaya,0.0,0.0
Rajgir,0.0,0.0
Vaishali,4.9,0.0
Patna Sahib,0.0,4.8
Bihar Museum,4.7,0.0
Navlakha Palace,4.6,0.0
Jal Mandir,0.0,0.0
Sanjay Gandhi Jaivik Udyan,4.7,0.0
Sher Shah Suri Tomb,0.0,0.0
Barabar Caves,4.7,4.7
Kesaria Stupa,4.6,4.6
Kanwar Lake Bird Sanctuary,0.0,4.8
Patna Planetarium,0.0,4.7
Munger Fort,0.0,0.0
Takht Sri Patna Sahib,0.0,0.0
Maner Sharif,4.8,4.8
Patan Devi,0.0,0.0
Golghar,0.0,0.0
Gaya,4.8,4.8
Chandraprabha Wildlife Sanctuary,0.0,0.0
Valmiki National Park,0.0,0.0
Madhubani,4.8,0.0
Buxar Fort,4.7,0.0
Pawapuri,4.6,4.6
Bhimbandh Wildlife Sanctuary,4.8,4.8
Kaimur Wildlife Sanctuary,0.0,0.0
Darbhanga,0.0,0.0
Neermahal,0.0,4.8
Ujjayanta Palace,4.7,0.0
Tripura Sundari Temple,0.0,0.0
Sepahijala Wildlife Sanctuary,4.7,0.0
Jampui Hills,0.0,4.8
Unakoti,0.0,0.0
Chabimura,0.0,0.0
Pilak,4.8,0.0
Dumboor Lake,4.7,0.0
Kamalasagar,4.6,0.0
Trishna Wildlife Sanctuary,0.0,0.0
Bhubaneswari Temple,4.7,0.0
Kunjaban Palace,0.0,0.0
Buddha Temple,0.0,0.0
Boxanagar,4.7,4.7
Devtamura,4.6,0.0
Rose Valley Amusement Park,0.0,0.0
Heritage Park,0.0,4.7
Gomati Wildlife Sanctuary,4.6,0.0
Hatakaijao,4.8,0.0
Fulkumari,0.0,0.0
Kalapania Nature Park,4.6,4.6
Baramura Eco Park,4.8,0.0
Malancha Niwas,4.7,0.0
Udaipur,4.6,4.6
Mahamuni Pagoda,0.0,4.8
Sukanta Academy,4.7,0.0
Rasikbil,4.6,0.0
Bhubaneshwari Temple,4.8,0.0
Birchandra Manu,4.7,0.0
Cherrapunji,0.0,0.0
Nohkalikai Falls,0.0,0.0
Living Root Bridges,4.7,4.7
Mawlynnong,0.0,0.0
Umiam Lake,0.0,0.0
Shillong Peak,0.0,0.0
Elephant Falls,4.8,0.0
Dawki,0.0,4.7
Mawsmai Cave,4.6,0.0
Double Decker Living Root Bridge,4.8,4.8
Balpakram National Park,4.7,0.0
Ward's Lake,0.0,4.8
Don Bosco Museum,0.0,0.0
Mawphlang Sacred Forest,4.6,4.6
Siju Caves,4.8,0.0
Laitlum Canyons,4.7,4.7
Nartiang Monoliths,4.8,4.8
Thangkharang Park,0.0,0.0
Jakrem Hot Springs,4.8,0.0
Mawkdok Dympep Valley,0.0,4.6
Shillong Golf Course,4.7,0.0
Kyllang Rock,0.0,0.0
Spread Eagle Falls,0.0,0.0
Nongkhnum Island,0.0,4.6
Bishop Falls,0.0,4.8
Nongriat,4.7,0.0
Mawjymbuin Cave,4.6,0.0
Phan Nonglait Park,0.0,0.0
Sweet Falls,4.7,0.0
Ranikor,4.6,0.0
Loktak Lake,0.0,0.0
Kangla Fort,0.0,0.0
Keibul Lamjao National Park,0.0,0.0
Shirui Kashong Peak,0.0,4.8
Ima Keithel Women's Market,0.0,4.7
Shree Govindajee Temple,4.9,0.0
Andro,4.8,0.0
Khonghampat Orchidarium,0.0,0.0
Khongjom War Memorial,4.6,0.0
Zoological Garden,4.8,4.8
Singda Dam,4.7,0.0
Sanamahi Temple,0.0,0.0
Leimapokpam Keirungba Temple,0.0,4.7
Phubala,0.0,0.0
Sambal-Lei-Sekpil Garden,4.8,0.0
Tharon Cave,0.0,4.7
Red Hill - Lokpaching,4.8,4.8
Cheirao Ching,4.7,0.0
Loukoipat Ecological Park,4.8,0.0
ISKCON Temple,0.0,0.0
Manipur State Museum,0.0,4.7
Langthabal,4.8,0.0
Kangla Museum,0.0,0.0
Koubru Leikha,4.6,0.0
Ebudhou Thangjing Temple,4.8,0.0
Hijagang,0.0,4.7
Waithou Lake,0.0,0.0
Keibul Lamjao National Park,4.8,0.0
Moirang,4.7,4.7
Ukhrul,0.0,0.0
Kohima,4.9,0.0
Dimapur,4.8,0.0
Mokokchung,0.0,0.0
Mon,4.8,0.0
Wokha,4.7,0.0
Khonoma Village,0.0,0.0
Dzukou Valley,4.8,0.0
Tuophema Tourist Village,0.0,4.7
Japfu Peak,4.6,0.0
Longleng,4.8,4.8
Peren,0.0,4.7
Kiphire,4.8,0.0
Zunheboto,0.0,4.7
Meluri,0.0,0.0
Nagaland State Museum,4.8,0.0
Shilloi Lake,4.7,0.0
Saramati Peak,0.0,0.0
Tokhu Emong,4.7,0.0
Kohima War Cemetery,0.0,0.0
Chumukedima,0.0,4.6
Ruzaphema,0.0,0.0
Benreu,4.8,0.0
Pfutsero,0.0,0.0
Tseminyu,0.0,0.0
Intanki National Park,4.8,0.0
Pulie Badze,4.7,0.0
Veda Peak,0.0,0.0
Langpangkong Caves,0.0,0.0
Kachari Ruins,0.0,0.0
Fakim Wildlife Sanctuary,0.0,0.0
Tawang Monastery,0.0,0.0
Sela Pass,4.8,0.0
Ziro Valley,0.0,4.7
Namdapha National Park,4.8,0.0
Bomdila Monastery,0.0,4.7
Dirang,4.9,0.0
Itanagar,4.8,4.8
Roing,4.7,4.7
Pasighat,4.6,4.6
Along,4.8,0.0
Mechuka,0.0,4.7
Bhalukpong,0.0,0.0
Changlang,0.0,0.0
Anini,0.0,0.0
Tawang War Memorial,4.8,4.8
Gorichen Peak,4.7,0.0
Madhuri Lake,0.0,0.0
Pakhui Wildlife Sanctuary,4.7,0.0
Sangti Valley,4.8,0.0
Malinithan,0.0,0.0
Ganga Lake,0.0,0.0
Nuranang Falls,0.0,0.0
Daying Ering Wildlife Sanctuary,4.7,0.0
Jawai,0.0,4.6
Parshuram Kund,0.0,0.0
Hapoli,4.7,0.0
Talle Valley,0.0,0.0
Sessa Orchid Sanctuary,0.0,4.8
Daporijo,4.7,0.0
Hayuliang,0.0,0.0
Shimla,4.9,0.0
Manali,4.8,4.8
Dharamshala,4.7,0.0
Dalhousie,4.8,4.8
Kasauli,0.0,0.0
Spiti Valley,0.0,4.9
Kullu,0.0,4.8
McLeod Ganj,4.7,4.7
Chamba,0.0,4.6
Kufri,4.8,4.8
Kasol,4.7,0.0
Palampur,0.0,0.0
Kinnaur,0.0,0.0
Solang Valley,0.0,0.0
Narkanda,4.8,4.8
Mashobra,0.0,0.0
Tirthan Valley,0.0,0.0
Barot,0.0,0.0
Jogini Waterfall,0.0,0.0
Kalpa,0.0,0.0
Hampta Pass,0.0,0.0
Rohtang Pass,0.0,0.0
Triund,4.7,0.0
Chitkul,4.6,4.6
Parashar Lake,0.0,0.0
Bir Billing,4.7,0.0
Malana,4.6,4.6
Khajjiar,0.0,0.0
Chandratal Lake,0.0,4.7
Great Himalayan National Park,0.0,0.0
India Gate,0.0,0.0
Red Fort,4.8,0.0
Qutub Minar,0.0,0.0
Humayun's Tomb,0.0,0.0
Lotus Temple,0.0,0.0
Akshardham Temple,4.9,0.0
Jama Masjid,0.0,0.0
Rashtrapati Bhavan,4.7,4.7
Chandni Chowk,0.0,0.0
Lodhi Gardens,0.0,0.0
Jantar Mantar,0.0,0.0
Raj Ghat,0.0,0.0
Purana Qila,0.0,0.0
Hauz Khas Village,0.0,0.0
National Museum,0.0,0.0
Sarojini Nagar Market,4.7,4.7
Dilli Haat,4.8,0.0
Connaught Place,4.7,0.0
Gurudwara Bangla Sahib,0.0,0.0
Safdarjung Tomb,4.6,4.6
National Gallery of Modern Art,0.0,0.0
Nehru Planetarium,4.8,0.0
Agrasen ki Baoli,0.0,4.7
Khan Market,0.0,0.0
National Zoological Park,4.8,0.0
Tughlaqabad Fort,4.7,0.0
Mehrauli Archaeological Park,0.0,0.0
Garden of Five Senses,4.8,0.0
Teen Murti Bhavan,4.7,0.0
Pragati Maidan,4.6,0.0
Tsomgo Lake,4.9,0.0
Nathula Pass,0.0,0.0
Yumthang Valley,0.0,4.7
Gurudongmar Lake,4.8,0.0
Pelling,0.0,0.0
Rumtek Monastery,4.9,0.0
Lachen,4.8,4.8
Ravangla,0.0,4.7
Gangtok,4.6,0.0
Zuluk,0.0,0.0
Namchi,0.0,0.0
Khangchendzonga National Park,4.8,4.8
Lachung,0.0,0.0
Tashi View Point,4.6,0.0
Phodong Monastery,4.8,0.0
Khecheopalri Lake,0.0,0.0
Enchey Monastery,0.0,4.8
Pemayangtse Monastery,0.0,0.0
Singalila National Park,0.0,0.0
Do Drul Chorten,4.7,4.7
Hanuman Tok,0.0,0.0
Kabi Lungchok,0.0,0.0
Samdruptse Hill,0.0,0.0
Siddheswar Dham,0.0,4.6
Ranka Monastery,0.0,0.0
Goecha La,0.0,4.7
Baba Harbhajan Singh Temple,0.0,4.6
Saramsa Garden,4.8,0.0
Dubdi Monastery,0.0,0.0
Norbugang Park,0.0,0.0
Radhanagar Beach,4.9,4.9
Havelock Island,4.8,0.0
Cellular Jail,4.7,4.7
Ross Island,0.0,0.0
Neil Island,0.0,4.7
Viper Island,0.0,0.0
North Bay Island,0.0,0.0
Chidiya Tapu,0.0,0.0
Baratang Island,4.8,0.0
Jolly Buoy Island,0.0,0.0
Mahatma Gandhi Marine National Park,4.8,0.0
Mount Harriet National Park,0.0,0.0
Cinque Island,0.0,0.0
Limestone Caves,0.0,0.0
Anthropological Museum,4.6,0.0
Forest Museum,0.0,0.0
Samudrika Naval Marine Museum,4.7,0.0
Corbyn's Cove Beach,0.0,0.0
Kala Pathar Beach,4.8,0.0
Little Andaman Island,0.0,0.0
Barren Island,0.0,0.0
Lalaji Bay Beach,0.0,0.0
Mud Volcanoes,4.6,0.0
Parrot Island,0.0,4.8
Gandhi Park,0.0,0.0
Bamboo Flat,4.6,4.6
Phoenix Bay Jetty,0.0,0.0
Bamdera Beach,0.0,0.0
Sippighat Farm,4.6,0.0
Jogger's Park,4.7,0.0
Agatti Island,4.9,0.0
Bangaram Island,0.0,0.0
Kadmat Island,0.0,4.7
Minicoy Island,4.8,0.0
Kavaratti Island,4.7,0.0
Kalpeni Island,4.6,4.6
Amindivi Islands,0.0,0.0
Andrott Island,4.7,4.7
Bitra Island,0.0,0.0
Chetlat Island,4.7,4.7
Pitti Bird Sanctuary,0.0,0.0
Suheli Par,4.7,0.0
Kalpeni Beach,4.6,0.0
Thinnakara Island,0.0,0.0
Parali I,0.0,0.0
Parali II,4.6,4.6
Parali III,0.0,4.8
Bandra Island,4.7,4.7
Cheriyam Island,4.6,4.6
Pitli Island,0.0,0.0
Urali Island,4.6,4.6
Amini Island,4.7,0.0
Agatti Beach,4.9,0.0
Bangaram Beach,4.8,4.8
Kadmat Beach,4.7,0.0
Minicoy Beach,0.0,4.8
Kavaratti Beach,4.7,0.0
Kalpeni Beach,0.0,0.0
Amindivi Beach,0.0,4.8
Andrott Beach,0.0,4.7
Sultan Qaboos Grand Mosque,0.0,0.0
Royal Opera House,4.8,0.0
Muttrah Souq,0.0,0.0
Al Jalali and Al Mirani Forts,0.0,0.0
Nizwa Fort,4.7,0.0
Jebel Akhdar,0.0,4.9
Wadi Shab,0.0,0.0
Wahiba Sands,0.0,4.8
Al Alam Palace,4.7,0.0
Bimmah Sinkhole,4.8,0.0
Ras Al Jinz Turtle Reserve,4.9,0.0
Qurum Beach,4.7,0.0
Bahla Fort,4.7,0.0
Majlis Al Jinn Cave,4.8,0.0
Salalah Beach,4.7,4.7
Al Bustan Palace,0.0,0.0
Wadi Bani Khalid,0.0,0.0
Mirbat Castle,0.0,0.0
Musandam Fjords,4.9,0.0
Nakhal Fort,4.8,0.0
Al Hazm Castle,4.7,0.0
Jebel Shams,0.0,4.9
Sumhuram Archaeological Park,4.8,0.0
Wadi Al Arbeieen,0.0,0.0
Jabrin Castle,4.8,4.8
Seeb Corniche,0.0,0.0
Taqah Castle,0.0,4.8
Aflaj Irrigation Systems,4.7,0.0
Wadi Dayqah Dam,4.9,0.0
Qurum Natural Park,4.8,0.0
Al Baleed Archaeological Park,4.7,0.0
Al Hoota Cave,4.8,0.0
Al Mughsail Beach,4.7,0.0
Al Rustaq Fort,4.8,4.8
Snake Canyon,0.0,0.0
Dhofar Beach,4.9,4.9
Khor Rori,4.8,4.8
Turtle Beach Resort,4.7,0.0
Bandar Khayran Reserve,4.8,4.8
Muscat Gate Museum,0.0,4.7
Barka Fort,4.8,0.0
Salma Plateau,4.7,4.7
Ras Madrakah Beach,4.9,0.0
Mirani Fort,0.0,4.8
Ras al Jinz,0.0,4.7
Wadi Darbat,4.8,4.8
Al Suwaiq Fort,0.0,0.0
Mutrah Corniche,0.0,0.0
Ain Al Kasfa,0.0,0.0
Salalah Museum,4.7,0.0
Burj Khalifa,4.9,0.0
Sheikh Zayed Grand Mosque,0.0,4.8
Dubai Mall,4.7,0.0
The Dubai Fountain,4.8,0.0
Ferrari World,4.7,0.0
Burj Al Arab,4.9,0.0
Palm Jumeirah,4.8,0.0
Louvre Abu Dhabi,4.8,0.0
Dubai Marina,0.0,4.7
Al Ain Zoo,0.0,4.6
Sharjah Arts Museum,4.7,4.7
Jebel Jais,4.8,4.8
Dubai Creek,0.0,0.0
Al Bastakiya,4.8,0.0
Ajman Museum,0.0,4.6
Al Majaz Waterfront,0.0,0.0
Yas Waterworld,4.8,0.0
Qasr Al Hosn,0.0,4.7
Sir Bani Yas Island,0.0,0.0
Al Noor Island,0.0,0.0
Hatta,4.8,0.0
Saadiyat Public Beach,4.7,0.0
Fujairah Fort,4.7,0.0
Al Ain Oasis,0.0,4.8
Zabeel Park,0.0,4.7
Dubai Opera,0.0,0.0
Khor Fakkan Beach,0.0,4.7
Liwa Oasis,0.0,0.0
Mina Zayed Fish Market,4.7,0.0
Emirates Palace,4.9,0.0
Global Village,0.0,0.0
The Green Planet,4.8,0.0
IMG Worlds of Adventure,0.0,4.7
Al Mamzar Beach Park,0.0,0.0
Bluewaters Island,4.8,0.0
Dubai Parks and Resorts,4.7,4.7
Ski Dubai,4.8,0.0
Dubai Frame,4.7,0.0
LEGOLAND Dubai,4.8,0.0
Motiongate Dubai,0.0,0.0
Dubai Miracle Garden,4.8,0.0
Al Fahidi Fort,0.0,4.7
Etihad Museum,4.8,0.0
Dubai Dolphinarium,0.0,4.7
Aquaventure Waterpark,0.0,0.0
Dubai Butterfly Garden,4.8,4.8
Wild Wadi Waterpark,4.7,0.0
Al Qudra Lakes,4.8,0.0
The Lost Chambers Aquarium,4.7,0.0
Dubai Marina Mall,4.8,0.0
Souq Waqif,0.0,0.0
Museum of Islamic Art,0.0,0.0
The Pearl-Qatar,4.7,0.0
Katara Cultural Village,4.8,0.0
Doha Corniche,4.7,0.0
Al Zubarah Fort,4.8,0.0
Sheikh Faisal Bin Qassim Al Thani Museum,4.7,4.7
Aspire Park,0.0,4.8
Villaggio Mall,0.0,0.0
The National Museum of Qatar,0.0,0.0
MIA Park,0.0,0.0
Mathaf: Arab Museum of Modern Art,4.8,0.0
Al Khor Park,0.0,4.7
Barzan Towers,0.0,0.0
Al Thakira Mangroves,0.0,0.0
Al Wakrah Souq,4.6,0.0
Al Shahaniya Camel Racetrack,4.7,4.7
Qatar National Library,4.8,0.0
Qatar University,0.0,4.7
Dukhan Beach,4.6,4.6
Fuwairit Beach,0.0,0.0
Sealine Beach,0.0,0.0
Zekreet,0.0,4.7
Film City,0.0,0.0
Al Jassasiya Carvings,4.7,4.7
Simaisma Beach,4.6,4.6
Doha Festival City,4.8,0.0
Al Bidda Park,0.0,0.0
Al Wajbah Fort,4.6,4.6
Al Ruwais,0.0,0.0
Education City,4.8,0.0
Qatar Science and Technology Park,4.7,0.0
Qatar National Convention Centre,4.8,4.8
Al Khor Island,4.7,4.7
Al Zekreet Fort,4.8,0.0
Al Wakrah Public Garden,4.7,0.0
Al Shamal,0.0,4.6
Al Khor Tower,0.0,0.0
Abu Samra,0.0,4.8
Bir Zekreet,4.7,0.0
Sheikh Abdulla Bin Zaid Al Mahmoud Islamic Cultural Center,0.0,0.0
Al Koot Fort,4.7,4.7
The Golden Mosque,4.8,0.0
Imam Muhammad ibn Abd al-Wahhab Mosque,0.0,0.0
East-West / West-East by Richard Serra,0.0,0.0
Qatar Philharmonic Orchestra,4.7,4.7
The Gate Mall,0.0,4.8
Lagoon Mall,0.0,4.7
Doha Exhibition and Convention Center,4.6,0.0
Qatar Sports Club,4.7,4.7
British Museum,0.0,0.0
Tower of London,4.7,0.0
Stonehenge,4.6,4.6
Buckingham Palace,0.0,4.7
Edinburgh Castle,4.8,4.8
Lake District National Park,0.0,0.0
The Roman Baths,4.7,0.0
Madame Tussauds Museum,0.0,0.0
York Minster,0.0,4.8
The Shard,0.0,4.7
Hyde Park,4.6,0.0
Natural History Museum,4.8,0.0
Kew Gardens,4.7,0.0
Chatsworth House,0.0,4.7
Windsor Castle,0.0,0.0
Stirling Castle,4.7,4.7
The Eden Project,0.0,0.0
Giant's Causeway,4.8,4.8
Hadrian's Wall,4.7,4.7
The Scottish Highlands,4.9,0.0
Loch Ness,0.0,0.0
Glastonbury Tor,0.0,0.0
Liverpool Cathedral,4.8,4.8
Snowdonia National Park,0.0,4.9
St. Michael's Mount,0.0,0.0
The Needles,4.7,0.0
Durham Cathedral,0.0,4.8
Canterbury Cathedral,0.0,0.0
Chester Zoo,4.8,0.0
The Cotswolds,4.9,4.9
The Beatles Story,4.7,0.0
Blenheim Palace,0.0,4.8
Tower Bridge,4.7,4.7
Wembley Stadium,4.7,0.0
Royal Botanic Garden Edinburgh,4.8,0.0
Portmeirion,0.0,4.8
Royal Pavilion,0.0,0.0
The Deep,4.7,0.0
Ben Nevis,4.9,0.0
Windermere,4.8,4.8
Warwick Castle,4.8,0.0
Anglesey,4.7,0.0
Birmingham Museum and Art Gallery,4.7,0.0
Llandudno,0.0,4.7
Snowshill Manor,0.0,0.0
Durham Castle,4.8,0.0
Cheddar Gorge,4.8,4.8
Bristol Zoo,0.0,4.7
Castle Howard,4.8,0.0
Yorkshire Dales National Park,4.9,4.9
Lake Windermere,0.0,0.0
Eilean Donan Castle,4.9,0.0
Portsmouth Historic Dockyard,0.0,0.0
The Royal Mile,0.0,4.9
Tintern Abbey,4.8,0.0
Glenfinnan Viaduct,4.7,0.0
Beamish Museum,0.0,0.0
Hadrian's Wall Path,4.8,4.8
Dartmoor National Park,4.9,0.0
Exmoor National Park,0.0,0.0
Lulworth Cove,4.8,4.8
Tintagel Castle,4.8,0.0
Blists Hill Victorian Town,0.0,4.8
Lands End,0.0,0.0
Beaumaris Castle,0.0,4.8
The Falkirk Wheel,4.7,0.0
Ben Nevis Visitor Centre,4.8,4.8
National Railway Museum,0.0,4.9
Royal Botanic Gardens,0.0,0.0
Coventry Cathedral,0.0,0.0
Stirling Castle,0.0,4.7
Clifton Suspension Bridge,0.0,4.8
Beatrix Potter's Hill Top,0.0,0.0
Tate Modern,0.0,4.8
Arundel Castle,0.0,0.0
The Royal Observatory,0.0,0.0
M Shed,4.7,0.0
V&A Museum of Childhood,0.0,0.0
Somerset House,4.8,0.0
The Castle Museum,0.0,0.0
HMS Victory,0.0,0.0
Aira Force Waterfall,4.8,0.0
Skara Brae,0.0,0.0
Drayton Manor Theme Park,4.8,4.8
Times Square,0.0,0.0
Grand Canyon National Park,0.0,0.0
Disneyland,0.0,4.8
Statue of Liberty,4.8,0.0
Yellowstone National Park,0.0,0.0
Niagara Falls,0.0,0.0
Smithsonian Institution,4.9,0.0
Las Vegas Strip,4.6,0.0
Golden Gate Bridge,0.0,4.8
Central Park,0.0,0.0
Universal Studios Hollywood,0.0,4.7
Empire State Building,0.0,4.8
Mount Rushmore,4.7,0.0
Yosemite National Park,0.0,0.0
French Quarter,4.6,0.0
Liberty Bell,0.0,0.0
Disney World,0.0,4.8
Zion National Park,0.0,0.0
Hollywood Walk of Fame,0.0,0.0
White House,0.0,0.0
Waikiki Beach,4.7,4.7
Glacier National Park,0.0,0.0
Lincoln Memorial,0.0,4.8
Space Needle,0.0,4.7
Sequoia National Park,0.0,0.0
Fenway Park,4.6,0.0
Great Smoky Mountains National Park,4.9,4.9
Metropolitan Museum of Art,4.9,0.0
Bryce Canyon National Park,0.0,4.9
Alcatraz Island,4.7,0.0
Cape Cod,4.8,4.8
Rockefeller Center,4.7,0.0
Acadia National Park,4.9,4.9
Monterey Bay Aquarium,4.8,0.0
Gateway Arch,0.0,4.8
Antelope Canyon,0.0,0.0
Graceland,4.8,0.0
Badlands National Park,4.8,0.0
Mount Vernon,0.0,4.7
MoMA (Museum of Modern Art),4.8,0.0
Mount St. Helens,0.0,0.0
Rock and Roll Hall of Fame,4.7,0.0
Kennedy Space Center,4.8,4.8
Pikes Peak,0.0,0.0
Mount Rainier National Park,4.9,0.0
Jackson Hole,4.7,4.7
Fort Sumter,4.7,4.7
Crater Lake National Park,0.0,0.0
The Alamo,4.7,4.7
Vail,0.0,4.8
Carlsbad Caverns National Park,4.9,4.9
Mammoth Cave National Park,0.0,0.0
Golden Gate Park,4.8,0.0
Hollywood Sign,0.0,0.0
National Mall,4.8,4.8
Walt Disney World Resort,4.8,0.0
Venice Beach,4.6,0.0
San Diego Zoo,4.9,0.0
